Rule,Body_Relations,Head_Relation,Count,Body_Count,Support,Confidence,Chain_Length
"sisterOf(X,Y) ∧ granddaughterOf(Y,Z) → granddaughterOf(X,Z)",sisterOf -> granddaughterOf,granddaughterOf,772,772,0.05585702915852688,1.0,2
"grandmotherOf(X,Y) ∧ sisterOf(Y,Z) → grandmotherOf(X,Z)",grandmotherOf -> sisterOf,grandmotherOf,747,747,0.054048187540698935,1.0,2
"grandfatherOf(X,Y) ∧ sisterOf(Y,Z) → grandfatherOf(X,Z)",grandfatherOf -> sisterOf,grandfatherOf,747,747,0.054048187540698935,1.0,2
"sisterOf(X,Y) ∧ grandsonOf(Y,Z) → granddaughterOf(X,Z)",sisterOf -> grandsonOf,granddaughterOf,722,722,0.052239345922870994,1.0,2
"brotherOf(X,Y) ∧ granddaughterOf(Y,Z) → grandsonOf(X,Z)",brotherOf -> granddaughterOf,grandsonOf,722,722,0.052239345922870994,1.0,2
"grandmotherOf(X,Y) ∧ brotherOf(Y,Z) → grandmotherOf(X,Z)",grandmotherOf -> brotherOf,grandmotherOf,673,673,0.04869401635192822,1.0,2
"grandfatherOf(X,Y) ∧ brotherOf(Y,Z) → grandfatherOf(X,Z)",grandfatherOf -> brotherOf,grandfatherOf,673,673,0.04869401635192822,1.0,2
"brotherOf(X,Y) ∧ grandsonOf(Y,Z) → grandsonOf(X,Z)",brotherOf -> grandsonOf,grandsonOf,624,624,0.04514868678098546,1.0,2
"nephewOf(X,Y) ∧ granddaughterOf(Y,Z) → greatGrandsonOf(X,Z)",nephewOf -> granddaughterOf,greatGrandsonOf,608,608,0.043991028145575574,1.0,2
"grandmotherOf(X,Y) ∧ auntOf(Y,Z) → greatGrandmotherOf(X,Z)",grandmotherOf -> auntOf,greatGrandmotherOf,562,562,0.04066275956877216,1.0,2
"grandfatherOf(X,Y) ∧ auntOf(Y,Z) → greatGrandfatherOf(X,Z)",grandfatherOf -> auntOf,greatGrandfatherOf,562,562,0.04066275956877216,1.0,2
"nieceOf(X,Y) ∧ grandsonOf(Y,Z) → greatGranddaughterOf(X,Z)",nieceOf -> grandsonOf,greatGranddaughterOf,544,544,0.03936039360393604,1.0,2
"sisterOf(X,Y) ∧ daughterOf(Y,Z) → daughterOf(X,Z)",sisterOf -> daughterOf,daughterOf,518,518,0.03747919832139498,1.0,2
"nieceOf(X,Y) ∧ granddaughterOf(Y,Z) → greatGranddaughterOf(X,Z)",nieceOf -> granddaughterOf,greatGranddaughterOf,516,516,0.03733449099196874,1.0,2
"sisterOf(X,Y) ∧ greatGranddaughterOf(Y,Z) → greatGranddaughterOf(X,Z)",sisterOf -> greatGranddaughterOf,greatGranddaughterOf,516,516,0.03733449099196874,1.0,2
"grandmotherOf(X,Y) ∧ uncleOf(Y,Z) → greatGrandmotherOf(X,Z)",grandmotherOf -> uncleOf,greatGrandmotherOf,509,509,0.03682801533897692,1.0,2
"grandfatherOf(X,Y) ∧ uncleOf(Y,Z) → greatGrandfatherOf(X,Z)",grandfatherOf -> uncleOf,greatGrandfatherOf,509,509,0.03682801533897692,1.0,2
"motherOf(X,Y) ∧ auntOf(Y,Z) → grandmotherOf(X,Z)",motherOf -> auntOf,grandmotherOf,489,489,0.035380942044714564,1.0,2
"fatherOf(X,Y) ∧ auntOf(Y,Z) → grandfatherOf(X,Z)",fatherOf -> auntOf,grandfatherOf,489,489,0.035380942044714564,1.0,2
"greatGrandmotherOf(X,Y) ∧ sisterOf(Y,Z) → greatGrandmotherOf(X,Z)",greatGrandmotherOf -> sisterOf,greatGrandmotherOf,483,483,0.03494682005643586,1.0,2
"greatGrandfatherOf(X,Y) ∧ sisterOf(Y,Z) → greatGrandfatherOf(X,Z)",greatGrandfatherOf -> sisterOf,greatGrandfatherOf,483,483,0.03494682005643586,1.0,2
"nephewOf(X,Y) ∧ grandsonOf(Y,Z) → greatGrandsonOf(X,Z)",nephewOf -> grandsonOf,greatGrandsonOf,474,474,0.034295637074017796,1.0,2
"nephewOf(X,Y) ∧ daughterOf(Y,Z) → grandsonOf(X,Z)",nephewOf -> daughterOf,grandsonOf,456,456,0.03299327110918168,1.0,2
"sisterOf(X,Y) ∧ sonOf(Y,Z) → daughterOf(X,Z)",sisterOf -> sonOf,daughterOf,453,453,0.03277621011504233,1.0,2
"brotherOf(X,Y) ∧ daughterOf(Y,Z) → sonOf(X,Z)",brotherOf -> daughterOf,sonOf,453,453,0.03277621011504233,1.0,2
"brotherOf(X,Y) ∧ greatGranddaughterOf(Y,Z) → greatGrandsonOf(X,Z)",brotherOf -> greatGranddaughterOf,greatGrandsonOf,450,450,0.03255914912090297,1.0,2
"sisterOf(X,Y) ∧ greatGrandsonOf(Y,Z) → greatGranddaughterOf(X,Z)",sisterOf -> greatGrandsonOf,greatGranddaughterOf,450,450,0.03255914912090297,1.0,2
"auntOf(X,Y) ∧ brotherOf(Y,Z) → auntOf(X,Z)",auntOf -> brotherOf,auntOf,444,444,0.032125027132624266,1.0,2
"auntOf(X,Y) ∧ sisterOf(Y,Z) → auntOf(X,Z)",auntOf -> sisterOf,auntOf,442,442,0.03198031980319803,1.0,2
"greatGrandmotherOf(X,Y) ∧ brotherOf(Y,Z) → greatGrandmotherOf(X,Z)",greatGrandmotherOf -> brotherOf,greatGrandmotherOf,437,437,0.03161855147963245,1.0,2
"greatGrandfatherOf(X,Y) ∧ brotherOf(Y,Z) → greatGrandfatherOf(X,Z)",greatGrandfatherOf -> brotherOf,greatGrandfatherOf,437,437,0.03161855147963245,1.0,2
"girlCousinOf(X,Y) ∧ sisterOf(Y,Z) → girlCousinOf(X,Z)",girlCousinOf -> sisterOf,girlCousinOf,432,432,0.03125678315606686,1.0,2
"sisterOf(X,Y) ∧ girlCousinOf(Y,Z) → girlCousinOf(X,Z)",sisterOf -> girlCousinOf,girlCousinOf,426,426,0.03082266116778815,1.0,2
"brotherOf(X,Y) ∧ greatGrandsonOf(Y,Z) → greatGrandsonOf(X,Z)",brotherOf -> greatGrandsonOf,greatGrandsonOf,424,424,0.030677953838361912,1.0,2
"motherOf(X,Y) ∧ uncleOf(Y,Z) → grandmotherOf(X,Z)",motherOf -> uncleOf,grandmotherOf,407,407,0.02944794153823891,1.0,2
"fatherOf(X,Y) ∧ uncleOf(Y,Z) → grandfatherOf(X,Z)",fatherOf -> uncleOf,grandfatherOf,407,407,0.02944794153823891,1.0,2
"nieceOf(X,Y) ∧ daughterOf(Y,Z) → granddaughterOf(X,Z)",nieceOf -> daughterOf,granddaughterOf,405,405,0.029303234208812676,1.0,2
"sisterOf(X,Y) ∧ nieceOf(Y,Z) → nieceOf(X,Z)",sisterOf -> nieceOf,nieceOf,398,398,0.028796758555820853,1.0,2
"sisterOf(X,Y) ∧ nephewOf(Y,Z) → nieceOf(X,Z)",sisterOf -> nephewOf,nieceOf,381,381,0.02756674625569785,1.0,2
"brotherOf(X,Y) ∧ nieceOf(Y,Z) → nephewOf(X,Z)",brotherOf -> nieceOf,nephewOf,381,381,0.02756674625569785,1.0,2
"brotherOf(X,Y) ∧ sonOf(Y,Z) → sonOf(X,Z)",brotherOf -> sonOf,sonOf,372,372,0.02691556327327979,1.0,2
"girlCousinOf(X,Y) ∧ brotherOf(Y,Z) → girlCousinOf(X,Z)",girlCousinOf -> brotherOf,girlCousinOf,362,362,0.026192026626148616,1.0,2
"sisterOf(X,Y) ∧ boyCousinOf(Y,Z) → girlCousinOf(X,Z)",sisterOf -> boyCousinOf,girlCousinOf,343,343,0.024817306996599377,1.0,2
"brotherOf(X,Y) ∧ girlCousinOf(Y,Z) → boyCousinOf(X,Z)",brotherOf -> girlCousinOf,boyCousinOf,343,343,0.024817306996599377,1.0,2
"nieceOf(X,Y) ∧ sonOf(Y,Z) → granddaughterOf(X,Z)",nieceOf -> sonOf,granddaughterOf,340,340,0.024600246002460024,1.0,2
"fatherOf(X,Y) ∧ fatherOf(Y,Z) → grandfatherOf(X,Z)",fatherOf -> fatherOf,grandfatherOf,338,338,0.02445553867303379,1.0,2
"motherOf(X,Y) ∧ fatherOf(Y,Z) → grandmotherOf(X,Z)",motherOf -> fatherOf,grandmotherOf,338,338,0.02445553867303379,1.0,2
"uncleOf(X,Y) ∧ sisterOf(Y,Z) → uncleOf(X,Z)",uncleOf -> sisterOf,uncleOf,337,337,0.024383185008320672,1.0,2
"boyCousinOf(X,Y) ∧ sisterOf(Y,Z) → boyCousinOf(X,Z)",boyCousinOf -> sisterOf,boyCousinOf,337,337,0.024383185008320672,1.0,2
"brotherOf(X,Y) ∧ nephewOf(Y,Z) → nephewOf(X,Z)",brotherOf -> nephewOf,nephewOf,322,322,0.023297880037623904,1.0,2
"auntOf(X,Y) ∧ uncleOf(Y,Z) → greatAuntOf(X,Z)",auntOf -> uncleOf,greatAuntOf,313,313,0.022646697055205847,1.0,2
"nephewOf(X,Y) ∧ sonOf(Y,Z) → grandsonOf(X,Z)",nephewOf -> sonOf,grandsonOf,310,310,0.02242963606106649,1.0,2
"motherOf(X,Y) ∧ motherOf(Y,Z) → grandmotherOf(X,Z)",motherOf -> motherOf,grandmotherOf,309,309,0.022357282396353376,1.0,2
"fatherOf(X,Y) ∧ motherOf(Y,Z) → grandfatherOf(X,Z)",fatherOf -> motherOf,grandfatherOf,309,309,0.022357282396353376,1.0,2
"grandmotherOf(X,Y) ∧ fatherOf(Y,Z) → greatGrandmotherOf(X,Z)",grandmotherOf -> fatherOf,greatGrandmotherOf,295,295,0.021344331090369727,1.0,2
"grandfatherOf(X,Y) ∧ fatherOf(Y,Z) → greatGrandfatherOf(X,Z)",grandfatherOf -> fatherOf,greatGrandfatherOf,295,295,0.021344331090369727,1.0,2
"motherOf(X,Y) ∧ grandfatherOf(Y,Z) → greatGrandmotherOf(X,Z)",motherOf -> grandfatherOf,greatGrandmotherOf,287,287,0.020765501772664785,1.0,2
"fatherOf(X,Y) ∧ grandfatherOf(Y,Z) → greatGrandfatherOf(X,Z)",fatherOf -> grandfatherOf,greatGrandfatherOf,287,287,0.020765501772664785,1.0,2
"motherOf(X,Y) ∧ greatAuntOf(Y,Z) → greatGrandmotherOf(X,Z)",motherOf -> greatAuntOf,greatGrandmotherOf,278,278,0.020114318790246725,1.0,2
"fatherOf(X,Y) ∧ greatAuntOf(Y,Z) → greatGrandfatherOf(X,Z)",fatherOf -> greatAuntOf,greatGrandfatherOf,278,278,0.020114318790246725,1.0,2
"daughterOf(X,Y) ∧ sonOf(Y,Z) → granddaughterOf(X,Z)",daughterOf -> sonOf,granddaughterOf,273,273,0.01975255046668114,1.0,2
"sonOf(X,Y) ∧ sonOf(Y,Z) → grandsonOf(X,Z)",sonOf -> sonOf,grandsonOf,265,265,0.019173721148976197,1.0,2
"uncleOf(X,Y) ∧ brotherOf(Y,Z) → uncleOf(X,Z)",uncleOf -> brotherOf,uncleOf,259,259,0.01873959916069749,1.0,2
"granddaughterOf(X,Y) ∧ sonOf(Y,Z) → greatGranddaughterOf(X,Z)",granddaughterOf -> sonOf,greatGranddaughterOf,258,258,0.01866724549598437,1.0,2
"motherOf(X,Y) ∧ grandmotherOf(Y,Z) → greatGrandmotherOf(X,Z)",motherOf -> grandmotherOf,greatGrandmotherOf,256,256,0.018522538166558137,1.0,2
"fatherOf(X,Y) ∧ grandmotherOf(Y,Z) → greatGrandfatherOf(X,Z)",fatherOf -> grandmotherOf,greatGrandfatherOf,256,256,0.018522538166558137,1.0,2
"sisterOf(X,Y) ∧ fatherOf(Y,Z) → auntOf(X,Z)",sisterOf -> fatherOf,auntOf,253,253,0.018305477172418785,1.0,2
"grandmotherOf(X,Y) ∧ motherOf(Y,Z) → greatGrandmotherOf(X,Z)",grandmotherOf -> motherOf,greatGrandmotherOf,252,252,0.018233123507705666,1.0,2
"grandfatherOf(X,Y) ∧ motherOf(Y,Z) → greatGrandfatherOf(X,Z)",grandfatherOf -> motherOf,greatGrandfatherOf,252,252,0.018233123507705666,1.0,2
"brotherOf(X,Y) ∧ boyCousinOf(Y,Z) → boyCousinOf(X,Z)",brotherOf -> boyCousinOf,boyCousinOf,250,250,0.01808841617827943,1.0,2
"sonOf(X,Y) ∧ grandsonOf(Y,Z) → greatGrandsonOf(X,Z)",sonOf -> grandsonOf,greatGrandsonOf,244,244,0.017654294190000724,1.0,2
"daughterOf(X,Y) ∧ daughterOf(Y,Z) → granddaughterOf(X,Z)",daughterOf -> daughterOf,granddaughterOf,234,234,0.016930757542869546,1.0,2
"auntOf(X,Y) ∧ auntOf(Y,Z) → greatAuntOf(X,Z)",auntOf -> auntOf,greatAuntOf,234,234,0.016930757542869546,1.0,2
"grandsonOf(X,Y) ∧ daughterOf(Y,Z) → greatGrandsonOf(X,Z)",grandsonOf -> daughterOf,greatGrandsonOf,233,233,0.016858403878156427,1.0,2
"sisterOf(X,Y) ∧ motherOf(Y,Z) → auntOf(X,Z)",sisterOf -> motherOf,auntOf,232,232,0.016786050213443312,1.0,2
"boyCousinOf(X,Y) ∧ brotherOf(Y,Z) → boyCousinOf(X,Z)",boyCousinOf -> brotherOf,boyCousinOf,231,231,0.016713696548730193,1.0,2
"brotherOf(X,Y) ∧ motherOf(Y,Z) → uncleOf(X,Z)",brotherOf -> motherOf,uncleOf,229,229,0.016568989219303956,1.0,2
"grandsonOf(X,Y) ∧ sonOf(Y,Z) → greatGrandsonOf(X,Z)",grandsonOf -> sonOf,greatGrandsonOf,229,229,0.016568989219303956,1.0,2
"nieceOf(X,Y) ∧ motherOf(Y,Z) → girlCousinOf(X,Z)",nieceOf -> motherOf,girlCousinOf,215,215,0.01555603791332031,1.0,2
"nephewOf(X,Y) ∧ motherOf(Y,Z) → boyCousinOf(X,Z)",nephewOf -> motherOf,boyCousinOf,209,209,0.015121915925041604,1.0,2
"motherOf(X,Y) ∧ greatUncleOf(Y,Z) → greatGrandmotherOf(X,Z)",motherOf -> greatUncleOf,greatGrandmotherOf,208,208,0.015049562260328485,1.0,2
"fatherOf(X,Y) ∧ greatUncleOf(Y,Z) → greatGrandfatherOf(X,Z)",fatherOf -> greatUncleOf,greatGrandfatherOf,208,208,0.015049562260328485,1.0,2
"granddaughterOf(X,Y) ∧ daughterOf(Y,Z) → greatGranddaughterOf(X,Z)",granddaughterOf -> daughterOf,greatGranddaughterOf,204,204,0.014760147601476014,1.0,2
"daughterOf(X,Y) ∧ grandsonOf(Y,Z) → greatGranddaughterOf(X,Z)",daughterOf -> grandsonOf,greatGranddaughterOf,202,202,0.014615440272049779,1.0,2
"sisterOf(X,Y) ∧ grandfatherOf(Y,Z) → greatAuntOf(X,Z)",sisterOf -> grandfatherOf,greatAuntOf,200,200,0.014470732942623543,1.0,2
"sonOf(X,Y) ∧ brotherOf(Y,Z) → nephewOf(X,Z)",sonOf -> brotherOf,nephewOf,200,200,0.014470732942623543,1.0,2
"daughterOf(X,Y) ∧ granddaughterOf(Y,Z) → greatGranddaughterOf(X,Z)",daughterOf -> granddaughterOf,greatGranddaughterOf,198,198,0.014326025613197308,1.0,2
"sonOf(X,Y) ∧ daughterOf(Y,Z) → grandsonOf(X,Z)",sonOf -> daughterOf,grandsonOf,194,194,0.014036610954344837,1.0,2
"nephewOf(X,Y) ∧ girlCousinOf(Y,Z) → boyFirstCousinOnceRemovedOf(X,Z)",nephewOf -> girlCousinOf,boyFirstCousinOnceRemovedOf,185,185,0.013385427971926779,1.0,2
"daughterOf(X,Y) ∧ sisterOf(Y,Z) → nieceOf(X,Z)",daughterOf -> sisterOf,nieceOf,184,184,0.01331307430721366,1.0,2
"greatAuntOf(X,Y) ∧ sisterOf(Y,Z) → greatAuntOf(X,Z)",greatAuntOf -> sisterOf,greatAuntOf,182,182,0.013168366977787425,1.0,2
"nieceOf(X,Y) ∧ fatherOf(Y,Z) → girlCousinOf(X,Z)",nieceOf -> fatherOf,girlCousinOf,180,180,0.01302365964836119,1.0,2
"uncleOf(X,Y) ∧ auntOf(Y,Z) → greatUncleOf(X,Z)",uncleOf -> auntOf,greatUncleOf,179,179,0.012951305983648072,1.0,2
"daughterOf(X,Y) ∧ auntOf(Y,Z) → girlCousinOf(X,Z)",daughterOf -> auntOf,girlCousinOf,178,178,0.012878952318934954,1.0,2
"brotherOf(X,Y) ∧ fatherOf(Y,Z) → uncleOf(X,Z)",brotherOf -> fatherOf,uncleOf,178,178,0.012878952318934954,1.0,2
"greatAuntOf(X,Y) ∧ brotherOf(Y,Z) → greatAuntOf(X,Z)",greatAuntOf -> brotherOf,greatAuntOf,174,174,0.012589537660082483,1.0,2
"girlCousinOf(X,Y) ∧ uncleOf(Y,Z) → secondAuntOf(X,Z)",girlCousinOf -> uncleOf,secondAuntOf,170,170,0.012300123001230012,1.0,2
"girlCousinOf(X,Y) ∧ auntOf(Y,Z) → secondAuntOf(X,Z)",girlCousinOf -> auntOf,secondAuntOf,162,162,0.01172129368352507,1.0,2
"sonOf(X,Y) ∧ granddaughterOf(Y,Z) → greatGrandsonOf(X,Z)",sonOf -> granddaughterOf,greatGrandsonOf,162,162,0.01172129368352507,1.0,2
"sonOf(X,Y) ∧ sisterOf(Y,Z) → nephewOf(X,Z)",sonOf -> sisterOf,nephewOf,161,161,0.011648940018811952,1.0,2
"auntOf(X,Y) ∧ fatherOf(Y,Z) → greatAuntOf(X,Z)",auntOf -> fatherOf,greatAuntOf,157,157,0.011359525359959481,1.0,2
"nephewOf(X,Y) ∧ boyCousinOf(Y,Z) → boyFirstCousinOnceRemovedOf(X,Z)",nephewOf -> boyCousinOf,boyFirstCousinOnceRemovedOf,156,156,0.011287171695246364,1.0,2
"daughterOf(X,Y) ∧ brotherOf(Y,Z) → nieceOf(X,Z)",daughterOf -> brotherOf,nieceOf,156,156,0.011287171695246364,1.0,2
"greatUncleOf(X,Y) ∧ sisterOf(Y,Z) → greatUncleOf(X,Z)",greatUncleOf -> sisterOf,greatUncleOf,152,152,0.010997757036393893,1.0,2
"boyFirstCousinOnceRemovedOf(X,Y) ∧ sisterOf(Y,Z) → boyFirstCousinOnceRemovedOf(X,Z)",boyFirstCousinOnceRemovedOf -> sisterOf,boyFirstCousinOnceRemovedOf,152,152,0.010997757036393893,1.0,2
"greatUncleOf(X,Y) ∧ brotherOf(Y,Z) → greatUncleOf(X,Z)",greatUncleOf -> brotherOf,greatUncleOf,148,148,0.010708342377541423,1.0,2
"sisterOf(X,Y) ∧ secondUncleOf(Y,Z) → secondAuntOf(X,Z)",sisterOf -> secondUncleOf,secondAuntOf,144,144,0.010418927718688952,1.0,2
"brotherOf(X,Y) ∧ secondAuntOf(Y,Z) → secondUncleOf(X,Z)",brotherOf -> secondAuntOf,secondUncleOf,144,144,0.010418927718688952,1.0,2
"nieceOf(X,Y) ∧ boyCousinOf(Y,Z) → girlFirstCousinOnceRemovedOf(X,Z)",nieceOf -> boyCousinOf,girlFirstCousinOnceRemovedOf,139,139,0.010057159395123362,1.0,2
"nephewOf(X,Y) ∧ fatherOf(Y,Z) → boyCousinOf(X,Z)",nephewOf -> fatherOf,boyCousinOf,136,136,0.00984009840098401,1.0,2
"uncleOf(X,Y) ∧ uncleOf(Y,Z) → greatUncleOf(X,Z)",uncleOf -> uncleOf,greatUncleOf,134,134,0.009695391071557775,1.0,2
"brotherOf(X,Y) ∧ grandfatherOf(Y,Z) → greatUncleOf(X,Z)",brotherOf -> grandfatherOf,greatUncleOf,133,133,0.009623037406844656,1.0,2
"sonOf(X,Y) ∧ auntOf(Y,Z) → boyCousinOf(X,Z)",sonOf -> auntOf,boyCousinOf,131,131,0.00947833007741842,1.0,2
"boyCousinOf(X,Y) ∧ auntOf(Y,Z) → secondUncleOf(X,Z)",boyCousinOf -> auntOf,secondUncleOf,129,129,0.009333622747992185,1.0,2
"boyCousinOf(X,Y) ∧ uncleOf(Y,Z) → secondUncleOf(X,Z)",boyCousinOf -> uncleOf,secondUncleOf,125,125,0.009044208089139714,1.0,2
"auntOf(X,Y) ∧ motherOf(Y,Z) → greatAuntOf(X,Z)",auntOf -> motherOf,greatAuntOf,121,121,0.008754793430287244,1.0,2
"sisterOf(X,Y) ∧ secondAuntOf(Y,Z) → secondAuntOf(X,Z)",sisterOf -> secondAuntOf,secondAuntOf,118,118,0.008537732436147891,1.0,2
"sonOf(X,Y) ∧ uncleOf(Y,Z) → boyCousinOf(X,Z)",sonOf -> uncleOf,boyCousinOf,116,116,0.008393025106721656,1.0,2
"girlFirstCousinOnceRemovedOf(X,Y) ∧ brotherOf(Y,Z) → girlFirstCousinOnceRemovedOf(X,Z)",girlFirstCousinOnceRemovedOf -> brotherOf,girlFirstCousinOnceRemovedOf,114,114,0.00824831777729542,1.0,2
"grandsonOf(X,Y) ∧ auntOf(Y,Z) → boyFirstCousinOnceRemovedOf(X,Z)",grandsonOf -> auntOf,boyFirstCousinOnceRemovedOf,114,114,0.00824831777729542,1.0,2
"sisterOf(X,Y) ∧ grandmotherOf(Y,Z) → greatAuntOf(X,Z)",sisterOf -> grandmotherOf,greatAuntOf,112,112,0.008103610447869185,1.0,2
"uncleOf(X,Y) ∧ motherOf(Y,Z) → greatUncleOf(X,Z)",uncleOf -> motherOf,greatUncleOf,112,112,0.008103610447869185,1.0,2
"boyFirstCousinOnceRemovedOf(X,Y) ∧ brotherOf(Y,Z) → boyFirstCousinOnceRemovedOf(X,Z)",boyFirstCousinOnceRemovedOf -> brotherOf,boyFirstCousinOnceRemovedOf,112,112,0.008103610447869185,1.0,2
"girlFirstCousinOnceRemovedOf(X,Y) ∧ sisterOf(Y,Z) → girlFirstCousinOnceRemovedOf(X,Z)",girlFirstCousinOnceRemovedOf -> sisterOf,girlFirstCousinOnceRemovedOf,110,110,0.00795890311844295,1.0,2
"nieceOf(X,Y) ∧ girlCousinOf(Y,Z) → girlFirstCousinOnceRemovedOf(X,Z)",nieceOf -> girlCousinOf,girlFirstCousinOnceRemovedOf,106,106,0.007669488459590478,1.0,2
"brotherOf(X,Y) ∧ grandmotherOf(Y,Z) → greatUncleOf(X,Z)",brotherOf -> grandmotherOf,greatUncleOf,104,104,0.007524781130164243,1.0,2
"greatUncleOf(X,Y) ∧ boyCousinOf(Y,Z) → greatUncleOf(X,Z)",greatUncleOf -> boyCousinOf,greatUncleOf,103,103,0.007452427465451125,1.0,2
"uncleOf(X,Y) ∧ fatherOf(Y,Z) → greatUncleOf(X,Z)",uncleOf -> fatherOf,greatUncleOf,101,101,0.0073077201360248895,1.0,2
"granddaughterOf(X,Y) ∧ uncleOf(Y,Z) → girlFirstCousinOnceRemovedOf(X,Z)",granddaughterOf -> uncleOf,girlFirstCousinOnceRemovedOf,98,98,0.007090659141885536,1.0,2
"daughterOf(X,Y) ∧ uncleOf(Y,Z) → girlCousinOf(X,Z)",daughterOf -> uncleOf,girlCousinOf,90,90,0.006511829824180595,1.0,2
"nieceOf(X,Y) ∧ grandmotherOf(Y,Z) → secondAuntOf(X,Z)",nieceOf -> grandmotherOf,secondAuntOf,89,89,0.006439476159467477,1.0,2
"girlCousinOf(X,Y) ∧ fatherOf(Y,Z) → secondAuntOf(X,Z)",girlCousinOf -> fatherOf,secondAuntOf,87,87,0.0062947688300412415,1.0,2
"nieceOf(X,Y) ∧ grandfatherOf(Y,Z) → secondAuntOf(X,Z)",nieceOf -> grandfatherOf,secondAuntOf,86,86,0.006222415165328124,1.0,2
"brotherOf(X,Y) ∧ secondUncleOf(Y,Z) → secondUncleOf(X,Z)",brotherOf -> secondUncleOf,secondUncleOf,82,82,0.005933000506475653,1.0,2
"nephewOf(X,Y) ∧ grandmotherOf(Y,Z) → secondUncleOf(X,Z)",nephewOf -> grandmotherOf,secondUncleOf,80,80,0.005788293177049418,1.0,2
"brotherOf(X,Y) ∧ boyFirstCousinOnceRemovedOf(Y,Z) → boyFirstCousinOnceRemovedOf(X,Z)",brotherOf -> boyFirstCousinOnceRemovedOf,boyFirstCousinOnceRemovedOf,80,80,0.005788293177049418,1.0,2
"girlCousinOf(X,Y) ∧ motherOf(Y,Z) → secondAuntOf(X,Z)",girlCousinOf -> motherOf,secondAuntOf,79,79,0.0057159395123363,1.0,2
"nephewOf(X,Y) ∧ grandfatherOf(Y,Z) → secondUncleOf(X,Z)",nephewOf -> grandfatherOf,secondUncleOf,78,78,0.005643585847623182,1.0,2
"boyCousinOf(X,Y) ∧ motherOf(Y,Z) → secondUncleOf(X,Z)",boyCousinOf -> motherOf,secondUncleOf,71,71,0.005137110194631358,1.0,2
"boyCousinOf(X,Y) ∧ fatherOf(Y,Z) → secondUncleOf(X,Z)",boyCousinOf -> fatherOf,secondUncleOf,71,71,0.005137110194631358,1.0,2
"secondAuntOf(X,Y) ∧ brotherOf(Y,Z) → secondAuntOf(X,Z)",secondAuntOf -> brotherOf,secondAuntOf,69,69,0.004992402865205123,1.0,2
"secondAuntOf(X,Y) ∧ girlCousinOf(Y,Z) → secondAuntOf(X,Z)",secondAuntOf -> girlCousinOf,secondAuntOf,69,69,0.004992402865205123,1.0,2
"daughterOf(X,Y) ∧ greatAuntOf(Y,Z) → secondAuntOf(X,Z)",daughterOf -> greatAuntOf,secondAuntOf,66,66,0.00477534187106577,1.0,2
"grandsonOf(X,Y) ∧ uncleOf(Y,Z) → boyFirstCousinOnceRemovedOf(X,Z)",grandsonOf -> uncleOf,boyFirstCousinOnceRemovedOf,66,66,0.00477534187106577,1.0,2
"girlSecondCousinOf(X,Y) ∧ nephewOf(Y,Z) → girlFirstCousinOnceRemovedOf(X,Z)",girlSecondCousinOf -> nephewOf,girlFirstCousinOnceRemovedOf,65,65,0.004702988206352652,1.0,2
"daughterOf(X,Y) ∧ boyCousinOf(Y,Z) → girlFirstCousinOnceRemovedOf(X,Z)",daughterOf -> boyCousinOf,girlFirstCousinOnceRemovedOf,65,65,0.004702988206352652,1.0,2
"boyFirstCousinOnceRemovedOf(X,Y) ∧ auntOf(Y,Z) → boySecondCousinOf(X,Z)",boyFirstCousinOnceRemovedOf -> auntOf,boySecondCousinOf,64,64,0.004630634541639534,1.0,2
"girlCousinOf(X,Y) ∧ girlFirstCousinOnceRemovedOf(Y,Z) → girlFirstCousinOnceRemovedOf(X,Z)",girlCousinOf -> girlFirstCousinOnceRemovedOf,girlFirstCousinOnceRemovedOf,64,64,0.004630634541639534,1.0,2
"boySecondCousinOf(X,Y) ∧ nieceOf(Y,Z) → boyFirstCousinOnceRemovedOf(X,Z)",boySecondCousinOf -> nieceOf,boyFirstCousinOnceRemovedOf,62,62,0.004485927212213299,1.0,2
"secondAuntOf(X,Y) ∧ boyCousinOf(Y,Z) → secondAuntOf(X,Z)",secondAuntOf -> boyCousinOf,secondAuntOf,61,61,0.004413573547500181,1.0,2
"auntOf(X,Y) ∧ boySecondCousinOf(Y,Z) → secondAuntOf(X,Z)",auntOf -> boySecondCousinOf,secondAuntOf,60,60,0.004341219882787063,1.0,2
"nephewOf(X,Y) ∧ secondAuntOf(Y,Z) → boySecondCousinOf(X,Z)",nephewOf -> secondAuntOf,boySecondCousinOf,60,60,0.004341219882787063,1.0,2
"secondUncleOf(X,Y) ∧ brotherOf(Y,Z) → secondUncleOf(X,Z)",secondUncleOf -> brotherOf,secondUncleOf,57,57,0.00412415888864771,1.0,2
"girlFirstCousinOnceRemovedOf(X,Y) ∧ uncleOf(Y,Z) → girlSecondCousinOf(X,Z)",girlFirstCousinOnceRemovedOf -> uncleOf,girlSecondCousinOf,57,57,0.00412415888864771,1.0,2
"sonOf(X,Y) ∧ boyCousinOf(Y,Z) → boyFirstCousinOnceRemovedOf(X,Z)",sonOf -> boyCousinOf,boyFirstCousinOnceRemovedOf,55,55,0.003979451559221475,1.0,2
"granddaughterOf(X,Y) ∧ auntOf(Y,Z) → girlFirstCousinOnceRemovedOf(X,Z)",granddaughterOf -> auntOf,girlFirstCousinOnceRemovedOf,55,55,0.003979451559221475,1.0,2
"granddaughterOf(X,Y) ∧ greatUncleOf(Y,Z) → girlSecondCousinOf(X,Z)",granddaughterOf -> greatUncleOf,girlSecondCousinOf,53,53,0.003834744229795239,1.0,2
"sonOf(X,Y) ∧ greatAuntOf(Y,Z) → secondUncleOf(X,Z)",sonOf -> greatAuntOf,secondUncleOf,53,53,0.003834744229795239,1.0,2
"uncleOf(X,Y) ∧ boySecondCousinOf(Y,Z) → secondUncleOf(X,Z)",uncleOf -> boySecondCousinOf,secondUncleOf,53,53,0.003834744229795239,1.0,2
"nephewOf(X,Y) ∧ secondUncleOf(Y,Z) → boySecondCousinOf(X,Z)",nephewOf -> secondUncleOf,boySecondCousinOf,53,53,0.003834744229795239,1.0,2
"sisterOf(X,Y) ∧ girlFirstCousinOnceRemovedOf(Y,Z) → girlFirstCousinOnceRemovedOf(X,Z)",sisterOf -> girlFirstCousinOnceRemovedOf,girlFirstCousinOnceRemovedOf,52,52,0.0037623905650821213,1.0,2
"uncleOf(X,Y) ∧ girlSecondCousinOf(Y,Z) → secondUncleOf(X,Z)",uncleOf -> girlSecondCousinOf,secondUncleOf,50,50,0.003617683235655886,1.0,2
"nieceOf(X,Y) ∧ secondUncleOf(Y,Z) → girlSecondCousinOf(X,Z)",nieceOf -> secondUncleOf,girlSecondCousinOf,50,50,0.003617683235655886,1.0,2
"boyCousinOf(X,Y) ∧ boyFirstCousinOnceRemovedOf(Y,Z) → boyFirstCousinOnceRemovedOf(X,Z)",boyCousinOf -> boyFirstCousinOnceRemovedOf,boyFirstCousinOnceRemovedOf,50,50,0.003617683235655886,1.0,2
"secondUncleOf(X,Y) ∧ sisterOf(Y,Z) → secondUncleOf(X,Z)",secondUncleOf -> sisterOf,secondUncleOf,49,49,0.003545329570942768,1.0,2
"secondAuntOf(X,Y) ∧ sisterOf(Y,Z) → secondAuntOf(X,Z)",secondAuntOf -> sisterOf,secondAuntOf,49,49,0.003545329570942768,1.0,2
"boySecondCousinOf(X,Y) ∧ nephewOf(Y,Z) → boyFirstCousinOnceRemovedOf(X,Z)",boySecondCousinOf -> nephewOf,boyFirstCousinOnceRemovedOf,48,48,0.0034729759062296505,1.0,2
"daughterOf(X,Y) ∧ girlCousinOf(Y,Z) → girlFirstCousinOnceRemovedOf(X,Z)",daughterOf -> girlCousinOf,girlFirstCousinOnceRemovedOf,48,48,0.0034729759062296505,1.0,2
"girlCousinOf(X,Y) ∧ boyFirstCousinOnceRemovedOf(Y,Z) → girlFirstCousinOnceRemovedOf(X,Z)",girlCousinOf -> boyFirstCousinOnceRemovedOf,girlFirstCousinOnceRemovedOf,47,47,0.0034006222415165327,1.0,2
"boyCousinOf(X,Y) ∧ girlFirstCousinOnceRemovedOf(Y,Z) → boyFirstCousinOnceRemovedOf(X,Z)",boyCousinOf -> girlFirstCousinOnceRemovedOf,boyFirstCousinOnceRemovedOf,47,47,0.0034006222415165327,1.0,2
"boyFirstCousinOnceRemovedOf(X,Y) ∧ uncleOf(Y,Z) → boySecondCousinOf(X,Z)",boyFirstCousinOnceRemovedOf -> uncleOf,boySecondCousinOf,46,46,0.003328268576803415,1.0,2
"grandsonOf(X,Y) ∧ greatAuntOf(Y,Z) → boySecondCousinOf(X,Z)",grandsonOf -> greatAuntOf,boySecondCousinOf,46,46,0.003328268576803415,1.0,2
"brotherOf(X,Y) ∧ girlFirstCousinOnceRemovedOf(Y,Z) → boyFirstCousinOnceRemovedOf(X,Z)",brotherOf -> girlFirstCousinOnceRemovedOf,boyFirstCousinOnceRemovedOf,46,46,0.003328268576803415,1.0,2
"sisterOf(X,Y) ∧ boyFirstCousinOnceRemovedOf(Y,Z) → girlFirstCousinOnceRemovedOf(X,Z)",sisterOf -> boyFirstCousinOnceRemovedOf,girlFirstCousinOnceRemovedOf,46,46,0.003328268576803415,1.0,2
"brotherOf(X,Y) ∧ boySecondCousinOf(Y,Z) → boySecondCousinOf(X,Z)",brotherOf -> boySecondCousinOf,boySecondCousinOf,44,44,0.0031835612473771796,1.0,2
"auntOf(X,Y) ∧ girlSecondCousinOf(Y,Z) → secondAuntOf(X,Z)",auntOf -> girlSecondCousinOf,secondAuntOf,43,43,0.003111207582664062,1.0,2
"nieceOf(X,Y) ∧ secondAuntOf(Y,Z) → girlSecondCousinOf(X,Z)",nieceOf -> secondAuntOf,girlSecondCousinOf,43,43,0.003111207582664062,1.0,2
"secondUncleOf(X,Y) ∧ girlCousinOf(Y,Z) → secondUncleOf(X,Z)",secondUncleOf -> girlCousinOf,secondUncleOf,42,42,0.003038853917950944,1.0,2
"sonOf(X,Y) ∧ greatUncleOf(Y,Z) → secondUncleOf(X,Z)",sonOf -> greatUncleOf,secondUncleOf,40,40,0.002894146588524709,1.0,2
"girlFirstCousinOnceRemovedOf(X,Y) ∧ auntOf(Y,Z) → girlSecondCousinOf(X,Z)",girlFirstCousinOnceRemovedOf -> auntOf,girlSecondCousinOf,39,39,0.002821792923811591,1.0,2
"girlFirstCousinOnceRemovedOf(X,Y) ∧ fatherOf(Y,Z) → girlSecondCousinOf(X,Z)",girlFirstCousinOnceRemovedOf -> fatherOf,girlSecondCousinOf,38,38,0.0027494392590984734,1.0,2
"daughterOf(X,Y) ∧ greatUncleOf(Y,Z) → secondAuntOf(X,Z)",daughterOf -> greatUncleOf,secondAuntOf,37,37,0.0026770855943853557,1.0,2
"secondUncleOf(X,Y) ∧ boyCousinOf(Y,Z) → secondUncleOf(X,Z)",secondUncleOf -> boyCousinOf,secondUncleOf,36,36,0.002604731929672238,1.0,2
"sonOf(X,Y) ∧ girlCousinOf(Y,Z) → boyFirstCousinOnceRemovedOf(X,Z)",sonOf -> girlCousinOf,boyFirstCousinOnceRemovedOf,35,35,0.0025323782649591202,1.0,2
"girlSecondCousinOf(X,Y) ∧ brotherOf(Y,Z) → girlSecondCousinOf(X,Z)",girlSecondCousinOf -> brotherOf,girlSecondCousinOf,34,34,0.0024600246002460025,1.0,2
"girlSecondCousinOf(X,Y) ∧ nieceOf(Y,Z) → girlFirstCousinOnceRemovedOf(X,Z)",girlSecondCousinOf -> nieceOf,girlFirstCousinOnceRemovedOf,31,31,0.0022429636061066494,1.0,2
"boyFirstCousinOnceRemovedOf(X,Y) ∧ motherOf(Y,Z) → boySecondCousinOf(X,Z)",boyFirstCousinOnceRemovedOf -> motherOf,boySecondCousinOf,31,31,0.0022429636061066494,1.0,2
"sonOf(X,Y) ∧ secondUncleOf(Y,Z) → boySecondCousinOf(X,Z)",sonOf -> secondUncleOf,boySecondCousinOf,31,31,0.0022429636061066494,1.0,2
"boyFirstCousinOnceRemovedOf(X,Y) ∧ fatherOf(Y,Z) → boySecondCousinOf(X,Z)",boyFirstCousinOnceRemovedOf -> fatherOf,boySecondCousinOf,30,30,0.0021706099413935317,1.0,2
"boySecondCousinOf(X,Y) ∧ brotherOf(Y,Z) → boySecondCousinOf(X,Z)",boySecondCousinOf -> brotherOf,boySecondCousinOf,29,29,0.002098256276680414,1.0,2
"boySecondCousinOf(X,Y) ∧ sisterOf(Y,Z) → boySecondCousinOf(X,Z)",boySecondCousinOf -> sisterOf,boySecondCousinOf,27,27,0.0019535489472541786,1.0,2
"daughterOf(X,Y) ∧ secondUncleOf(Y,Z) → girlSecondCousinOf(X,Z)",daughterOf -> secondUncleOf,girlSecondCousinOf,25,25,0.001808841617827943,1.0,2
"sisterOf(X,Y) ∧ girlSecondCousinOf(Y,Z) → girlSecondCousinOf(X,Z)",sisterOf -> girlSecondCousinOf,girlSecondCousinOf,22,22,0.0015917806236885898,1.0,2
"grandsonOf(X,Y) ∧ greatUncleOf(Y,Z) → boySecondCousinOf(X,Z)",grandsonOf -> greatUncleOf,boySecondCousinOf,22,22,0.0015917806236885898,1.0,2
"girlFirstCousinOnceRemovedOf(X,Y) ∧ motherOf(Y,Z) → girlSecondCousinOf(X,Z)",girlFirstCousinOnceRemovedOf -> motherOf,girlSecondCousinOf,19,19,0.0013747196295492367,1.0,2
"brotherOf(X,Y) ∧ girlSecondCousinOf(Y,Z) → boySecondCousinOf(X,Z)",brotherOf -> girlSecondCousinOf,boySecondCousinOf,19,19,0.0013747196295492367,1.0,2
"sisterOf(X,Y) ∧ boySecondCousinOf(Y,Z) → girlSecondCousinOf(X,Z)",sisterOf -> boySecondCousinOf,girlSecondCousinOf,19,19,0.0013747196295492367,1.0,2
"daughterOf(X,Y) ∧ secondAuntOf(Y,Z) → girlSecondCousinOf(X,Z)",daughterOf -> secondAuntOf,girlSecondCousinOf,18,18,0.001302365964836119,1.0,2
"girlCousinOf(X,Y) ∧ girlSecondCousinOf(Y,Z) → girlSecondCousinOf(X,Z)",girlCousinOf -> girlSecondCousinOf,girlSecondCousinOf,18,18,0.001302365964836119,1.0,2
"boySecondCousinOf(X,Y) ∧ girlCousinOf(Y,Z) → boySecondCousinOf(X,Z)",boySecondCousinOf -> girlCousinOf,boySecondCousinOf,18,18,0.001302365964836119,1.0,2
"girlSecondCousinOf(X,Y) ∧ boyCousinOf(Y,Z) → girlSecondCousinOf(X,Z)",girlSecondCousinOf -> boyCousinOf,girlSecondCousinOf,15,15,0.0010853049706967658,1.0,2
"girlSecondCousinOf(X,Y) ∧ sisterOf(Y,Z) → girlSecondCousinOf(X,Z)",girlSecondCousinOf -> sisterOf,girlSecondCousinOf,14,14,0.0010129513059836481,1.0,2
"sonOf(X,Y) ∧ secondAuntOf(Y,Z) → boySecondCousinOf(X,Z)",sonOf -> secondAuntOf,boySecondCousinOf,11,11,0.0007958903118442949,1.0,2
"girlCousinOf(X,Y) ∧ boySecondCousinOf(Y,Z) → girlSecondCousinOf(X,Z)",girlCousinOf -> boySecondCousinOf,girlSecondCousinOf,11,11,0.0007958903118442949,1.0,2
"boyCousinOf(X,Y) ∧ girlSecondCousinOf(Y,Z) → boySecondCousinOf(X,Z)",boyCousinOf -> girlSecondCousinOf,boySecondCousinOf,11,11,0.0007958903118442949,1.0,2
"girlSecondCousinOf(X,Y) ∧ girlCousinOf(Y,Z) → girlSecondCousinOf(X,Z)",girlSecondCousinOf -> girlCousinOf,girlSecondCousinOf,11,11,0.0007958903118442949,1.0,2
"boyCousinOf(X,Y) ∧ boySecondCousinOf(Y,Z) → boySecondCousinOf(X,Z)",boyCousinOf -> boySecondCousinOf,boySecondCousinOf,10,10,0.0007235366471311772,1.0,2
"granddaughterOf(X,Y) ∧ greatAuntOf(Y,Z) → girlSecondCousinOf(X,Z)",granddaughterOf -> greatAuntOf,girlSecondCousinOf,9,9,0.0006511829824180595,1.0,2
"boySecondCousinOf(X,Y) ∧ boyCousinOf(Y,Z) → boySecondCousinOf(X,Z)",boySecondCousinOf -> boyCousinOf,boySecondCousinOf,6,6,0.0004341219882787063,1.0,2
"greatAuntOf(X,Y) ∧ boyCousinOf(Y,Z) → greatAuntOf(X,Z)",greatAuntOf -> boyCousinOf,greatAuntOf,172,173,0.012444830330656248,0.9942196531791907,2
"secondUncleOf(X,Y) ∧ nieceOf(Y,Z) → boyCousinOf(X,Z)",secondUncleOf -> nieceOf,boyCousinOf,114,115,0.00824831777729542,0.991304347826087,2
"greatUncleOf(X,Y) ∧ girlCousinOf(Y,Z) → greatUncleOf(X,Z)",greatUncleOf -> girlCousinOf,greatUncleOf,99,100,0.007163012806598654,0.99,2
"greatAuntOf(X,Y) ∧ girlCousinOf(Y,Z) → greatAuntOf(X,Z)",greatAuntOf -> girlCousinOf,greatAuntOf,186,188,0.013457781636639896,0.9893617021276596,2
"uncleOf(X,Y) ∧ girlFirstCousinOnceRemovedOf(Y,Z) → boyCousinOf(X,Z)",uncleOf -> girlFirstCousinOnceRemovedOf,boyCousinOf,139,141,0.010057159395123362,0.9858156028368794,2
"auntOf(X,Y) ∧ girlFirstCousinOnceRemovedOf(Y,Z) → girlCousinOf(X,Z)",auntOf -> girlFirstCousinOnceRemovedOf,girlCousinOf,106,108,0.007669488459590478,0.9814814814814815,2
"secondAuntOf(X,Y) ∧ nephewOf(Y,Z) → girlCousinOf(X,Z)",secondAuntOf -> nephewOf,girlCousinOf,201,205,0.014543086607336662,0.9804878048780488,2
"auntOf(X,Y) ∧ boyFirstCousinOnceRemovedOf(Y,Z) → girlCousinOf(X,Z)",auntOf -> boyFirstCousinOnceRemovedOf,girlCousinOf,185,189,0.013385427971926779,0.9788359788359788,2
"secondAuntOf(X,Y) ∧ nieceOf(Y,Z) → girlCousinOf(X,Z)",secondAuntOf -> nieceOf,girlCousinOf,131,134,0.00947833007741842,0.9776119402985075,2
"girlCousinOf(X,Y) ∧ greatGrandsonOf(Y,Z) → greatGranddaughterOf(X,Z)",girlCousinOf -> greatGrandsonOf,greatGranddaughterOf,448,460,0.03241444179147674,0.9739130434782609,2
"girlCousinOf(X,Y) ∧ greatGranddaughterOf(Y,Z) → greatGranddaughterOf(X,Z)",girlCousinOf -> greatGranddaughterOf,greatGranddaughterOf,472,488,0.034150929744591565,0.9672131147540983,2
"greatAuntOf(X,Y) ∧ nephewOf(Y,Z) → auntOf(X,Z)",greatAuntOf -> nephewOf,auntOf,305,316,0.022067867737500906,0.9651898734177216,2
"uncleOf(X,Y) ∧ boyFirstCousinOnceRemovedOf(Y,Z) → boyCousinOf(X,Z)",uncleOf -> boyFirstCousinOnceRemovedOf,boyCousinOf,156,162,0.011287171695246364,0.9629629629629629,2
"greatGrandfatherOf(X,Y) ∧ boyCousinOf(Y,Z) → greatGrandfatherOf(X,Z)",greatGrandfatherOf -> boyCousinOf,greatGrandfatherOf,400,417,0.028941465885247087,0.9592326139088729,2
"greatGrandmotherOf(X,Y) ∧ boyCousinOf(Y,Z) → greatGrandmotherOf(X,Z)",greatGrandmotherOf -> boyCousinOf,greatGrandmotherOf,400,417,0.028941465885247087,0.9592326139088729,2
"secondUncleOf(X,Y) ∧ nephewOf(Y,Z) → boyCousinOf(X,Z)",secondUncleOf -> nephewOf,boyCousinOf,140,146,0.010129513059836481,0.958904109589041,2
"greatGrandfatherOf(X,Y) ∧ girlCousinOf(Y,Z) → greatGrandfatherOf(X,Z)",greatGrandfatherOf -> girlCousinOf,greatGrandfatherOf,460,483,0.03328268576803415,0.9523809523809523,2
"greatGrandmotherOf(X,Y) ∧ girlCousinOf(Y,Z) → greatGrandmotherOf(X,Z)",greatGrandmotherOf -> girlCousinOf,greatGrandmotherOf,460,483,0.03328268576803415,0.9523809523809523,2
"auntOf(X,Y) ∧ greatGrandsonOf(Y,Z) → granddaughterOf(X,Z)",auntOf -> greatGrandsonOf,granddaughterOf,608,644,0.043991028145575574,0.9440993788819876,2
"boyCousinOf(X,Y) ∧ greatGrandsonOf(Y,Z) → greatGrandsonOf(X,Z)",boyCousinOf -> greatGrandsonOf,greatGrandsonOf,352,374,0.025468489979017437,0.9411764705882353,2
"boyCousinOf(X,Y) ∧ greatGranddaughterOf(Y,Z) → greatGrandsonOf(X,Z)",boyCousinOf -> greatGranddaughterOf,greatGrandsonOf,448,478,0.03241444179147674,0.9372384937238494,2
"greatUncleOf(X,Y) ∧ nephewOf(Y,Z) → uncleOf(X,Z)",greatUncleOf -> nephewOf,uncleOf,176,188,0.012734244989508718,0.9361702127659575,2
"greatAuntOf(X,Y) ∧ nieceOf(Y,Z) → auntOf(X,Z)",greatAuntOf -> nieceOf,auntOf,242,261,0.017509586860574487,0.9272030651340997,2
"auntOf(X,Y) ∧ greatGranddaughterOf(Y,Z) → granddaughterOf(X,Z)",auntOf -> greatGranddaughterOf,granddaughterOf,516,564,0.03733449099196874,0.9148936170212766,2
"greatGrandmotherOf(X,Y) ∧ nephewOf(Y,Z) → grandmotherOf(X,Z)",greatGrandmotherOf -> nephewOf,grandmotherOf,541,593,0.03914333260979669,0.9123102866779089,2
"greatGrandfatherOf(X,Y) ∧ nephewOf(Y,Z) → grandfatherOf(X,Z)",greatGrandfatherOf -> nephewOf,grandfatherOf,541,593,0.03914333260979669,0.9123102866779089,2
"greatGrandmotherOf(X,Y) ∧ nieceOf(Y,Z) → grandmotherOf(X,Z)",greatGrandmotherOf -> nieceOf,grandmotherOf,530,588,0.038347442297952394,0.9013605442176871,2
"greatGrandfatherOf(X,Y) ∧ nieceOf(Y,Z) → grandfatherOf(X,Z)",greatGrandfatherOf -> nieceOf,grandfatherOf,530,588,0.038347442297952394,0.9013605442176871,2
"motherOf(X,Y) ∧ brotherOf(Y,Z) → motherOf(X,Z)",motherOf -> brotherOf,motherOf,454,504,0.032848563779755445,0.9007936507936508,2
"fatherOf(X,Y) ∧ brotherOf(Y,Z) → fatherOf(X,Z)",fatherOf -> brotherOf,fatherOf,454,504,0.032848563779755445,0.9007936507936508,2
"greatUncleOf(X,Y) ∧ nieceOf(Y,Z) → uncleOf(X,Z)",greatUncleOf -> nieceOf,uncleOf,137,154,0.009912452065697127,0.8896103896103896,2
"uncleOf(X,Y) ∧ greatGranddaughterOf(Y,Z) → grandsonOf(X,Z)",uncleOf -> greatGranddaughterOf,grandsonOf,544,612,0.03936039360393604,0.8888888888888888,2
"boySecondCousinOf(X,Y) ∧ greatGrandsonOf(Y,Z) → greatGrandsonOf(X,Z)",boySecondCousinOf -> greatGrandsonOf,greatGrandsonOf,56,64,0.0040518052239345926,0.875,2
"uncleOf(X,Y) ∧ greatGrandsonOf(Y,Z) → grandsonOf(X,Z)",uncleOf -> greatGrandsonOf,grandsonOf,474,542,0.034295637074017796,0.8745387453874539,2
"girlSecondCousinOf(X,Y) ∧ greatGranddaughterOf(Y,Z) → greatGranddaughterOf(X,Z)",girlSecondCousinOf -> greatGranddaughterOf,greatGranddaughterOf,44,52,0.0031835612473771796,0.8461538461538461,2
"greatGrandmotherOf(X,Y) ∧ boySecondCousinOf(Y,Z) → greatGrandmotherOf(X,Z)",greatGrandmotherOf -> boySecondCousinOf,greatGrandmotherOf,68,81,0.004920049200492005,0.8395061728395061,2
"greatGrandfatherOf(X,Y) ∧ boySecondCousinOf(Y,Z) → greatGrandfatherOf(X,Z)",greatGrandfatherOf -> boySecondCousinOf,greatGrandfatherOf,68,81,0.004920049200492005,0.8395061728395061,2
"girlCousinOf(X,Y) ∧ grandsonOf(Y,Z) → granddaughterOf(X,Z)",girlCousinOf -> grandsonOf,granddaughterOf,418,500,0.030243831850083207,0.836,2
"grandmotherOf(X,Y) ∧ boyCousinOf(Y,Z) → grandmotherOf(X,Z)",grandmotherOf -> boyCousinOf,grandmotherOf,391,470,0.028290282902829027,0.8319148936170213,2
"grandfatherOf(X,Y) ∧ boyCousinOf(Y,Z) → grandfatherOf(X,Z)",grandfatherOf -> boyCousinOf,grandfatherOf,391,470,0.028290282902829027,0.8319148936170213,2
"boyFirstCousinOnceRemovedOf(X,Y) ∧ grandsonOf(Y,Z) → greatGrandsonOf(X,Z)",boyFirstCousinOnceRemovedOf -> grandsonOf,greatGrandsonOf,164,198,0.011866001012951306,0.8282828282828283,2
"boyCousinOf(X,Y) ∧ grandsonOf(Y,Z) → grandsonOf(X,Z)",boyCousinOf -> grandsonOf,grandsonOf,364,440,0.02633673395557485,0.8272727272727273,2
"grandmotherOf(X,Y) ∧ secondUncleOf(Y,Z) → greatGrandmotherOf(X,Z)",grandmotherOf -> secondUncleOf,greatGrandmotherOf,158,191,0.0114318790246726,0.8272251308900523,2
"grandfatherOf(X,Y) ∧ secondUncleOf(Y,Z) → greatGrandfatherOf(X,Z)",grandfatherOf -> secondUncleOf,greatGrandfatherOf,158,191,0.0114318790246726,0.8272251308900523,2
"greatGrandmotherOf(X,Y) ∧ girlSecondCousinOf(Y,Z) → greatGrandmotherOf(X,Z)",greatGrandmotherOf -> girlSecondCousinOf,greatGrandmotherOf,62,75,0.004485927212213299,0.8266666666666667,2
"greatGrandfatherOf(X,Y) ∧ girlSecondCousinOf(Y,Z) → greatGrandfatherOf(X,Z)",greatGrandfatherOf -> girlSecondCousinOf,greatGrandfatherOf,62,75,0.004485927212213299,0.8266666666666667,2
"girlFirstCousinOnceRemovedOf(X,Y) ∧ grandsonOf(Y,Z) → greatGranddaughterOf(X,Z)",girlFirstCousinOnceRemovedOf -> grandsonOf,greatGranddaughterOf,152,184,0.010997757036393893,0.8260869565217391,2
"girlSecondCousinOf(X,Y) ∧ greatGrandsonOf(Y,Z) → greatGranddaughterOf(X,Z)",girlSecondCousinOf -> greatGrandsonOf,greatGranddaughterOf,80,98,0.005788293177049418,0.8163265306122449,2
"boySecondCousinOf(X,Y) ∧ greatGranddaughterOf(Y,Z) → greatGrandsonOf(X,Z)",boySecondCousinOf -> greatGranddaughterOf,greatGrandsonOf,80,98,0.005788293177049418,0.8163265306122449,2
"secondUncleOf(X,Y) ∧ greatGranddaughterOf(Y,Z) → grandsonOf(X,Z)",secondUncleOf -> greatGranddaughterOf,grandsonOf,152,192,0.010997757036393893,0.7916666666666666,2
"motherOf(X,Y) ∧ sisterOf(Y,Z) → motherOf(X,Z)",motherOf -> sisterOf,motherOf,426,539,0.03082266116778815,0.7903525046382189,2
"fatherOf(X,Y) ∧ sisterOf(Y,Z) → fatherOf(X,Z)",fatherOf -> sisterOf,fatherOf,426,539,0.03082266116778815,0.7903525046382189,2
"girlFirstCousinOnceRemovedOf(X,Y) ∧ granddaughterOf(Y,Z) → greatGranddaughterOf(X,Z)",girlFirstCousinOnceRemovedOf -> granddaughterOf,greatGranddaughterOf,154,196,0.011142464365820129,0.7857142857142857,2
"boyCousinOf(X,Y) ∧ granddaughterOf(Y,Z) → grandsonOf(X,Z)",boyCousinOf -> granddaughterOf,grandsonOf,418,534,0.030243831850083207,0.7827715355805244,2
"greatGrandmotherOf(X,Y) ∧ girlFirstCousinOnceRemovedOf(Y,Z) → grandmotherOf(X,Z)",greatGrandmotherOf -> girlFirstCousinOnceRemovedOf,grandmotherOf,153,197,0.01107011070110701,0.7766497461928934,2
"greatGrandfatherOf(X,Y) ∧ girlFirstCousinOnceRemovedOf(Y,Z) → grandfatherOf(X,Z)",greatGrandfatherOf -> girlFirstCousinOnceRemovedOf,grandfatherOf,153,197,0.01107011070110701,0.7766497461928934,2
"grandmotherOf(X,Y) ∧ girlCousinOf(Y,Z) → grandmotherOf(X,Z)",grandmotherOf -> girlCousinOf,grandmotherOf,445,573,0.03219738079733739,0.7766143106457243,2
"grandfatherOf(X,Y) ∧ girlCousinOf(Y,Z) → grandfatherOf(X,Z)",grandfatherOf -> girlCousinOf,grandfatherOf,445,573,0.03219738079733739,0.7766143106457243,2
"girlCousinOf(X,Y) ∧ granddaughterOf(Y,Z) → granddaughterOf(X,Z)",girlCousinOf -> granddaughterOf,granddaughterOf,472,612,0.034150929744591565,0.7712418300653595,2
"grandmotherOf(X,Y) ∧ secondAuntOf(Y,Z) → greatGrandmotherOf(X,Z)",grandmotherOf -> secondAuntOf,greatGrandmotherOf,175,228,0.012661891324795602,0.7675438596491229,2
"grandfatherOf(X,Y) ∧ secondAuntOf(Y,Z) → greatGrandfatherOf(X,Z)",grandfatherOf -> secondAuntOf,greatGrandfatherOf,175,228,0.012661891324795602,0.7675438596491229,2
"secondAuntOf(X,Y) ∧ greatGranddaughterOf(Y,Z) → granddaughterOf(X,Z)",secondAuntOf -> greatGranddaughterOf,granddaughterOf,154,202,0.011142464365820129,0.7623762376237624,2
"grandfatherOf(X,Y) ∧ girlSecondCousinOf(Y,Z) → greatUncleOf(X,Z)",grandfatherOf -> girlSecondCousinOf,greatUncleOf,53,70,0.003834744229795239,0.7571428571428571,2
"boyFirstCousinOnceRemovedOf(X,Y) ∧ granddaughterOf(Y,Z) → greatGrandsonOf(X,Z)",boyFirstCousinOnceRemovedOf -> granddaughterOf,greatGrandsonOf,196,260,0.014181318283771073,0.7538461538461538,2
"secondUncleOf(X,Y) ∧ greatGrandsonOf(Y,Z) → grandsonOf(X,Z)",secondUncleOf -> greatGrandsonOf,grandsonOf,164,220,0.011866001012951306,0.7454545454545455,2
"greatGrandmotherOf(X,Y) ∧ boyFirstCousinOnceRemovedOf(Y,Z) → grandmotherOf(X,Z)",greatGrandmotherOf -> boyFirstCousinOnceRemovedOf,grandmotherOf,180,243,0.01302365964836119,0.7407407407407407,2
"greatGrandfatherOf(X,Y) ∧ boyFirstCousinOnceRemovedOf(Y,Z) → grandfatherOf(X,Z)",greatGrandfatherOf -> boyFirstCousinOnceRemovedOf,grandfatherOf,180,243,0.01302365964836119,0.7407407407407407,2
"secondAuntOf(X,Y) ∧ greatGrandsonOf(Y,Z) → granddaughterOf(X,Z)",secondAuntOf -> greatGrandsonOf,granddaughterOf,196,266,0.014181318283771073,0.7368421052631579,2
"fatherOf(X,Y) ∧ boySecondCousinOf(Y,Z) → secondUncleOf(X,Z)",fatherOf -> boySecondCousinOf,secondUncleOf,43,62,0.003111207582664062,0.6935483870967742,2
"grandmotherOf(X,Y) ∧ nephewOf(Y,Z) → motherOf(X,Z)",grandmotherOf -> nephewOf,motherOf,458,679,0.03313797843860791,0.6745213549337261,2
"grandfatherOf(X,Y) ∧ nephewOf(Y,Z) → fatherOf(X,Z)",grandfatherOf -> nephewOf,fatherOf,458,679,0.03313797843860791,0.6745213549337261,2
"greatUncleOf(X,Y) ∧ boySecondCousinOf(Y,Z) → grandfatherOf(X,Z)",greatUncleOf -> boySecondCousinOf,grandfatherOf,45,68,0.0032559149120902973,0.6617647058823529,2
"sisterOf(X,Y) ∧ greatAuntOf(Y,Z) → greatAuntOf(X,Z)",sisterOf -> greatAuntOf,greatAuntOf,206,318,0.01490485493090225,0.6477987421383647,2
"grandmotherOf(X,Y) ∧ nieceOf(Y,Z) → motherOf(X,Z)",grandmotherOf -> nieceOf,motherOf,438,697,0.03169090514434556,0.6284074605451937,2
"grandfatherOf(X,Y) ∧ nieceOf(Y,Z) → fatherOf(X,Z)",grandfatherOf -> nieceOf,fatherOf,438,697,0.03169090514434556,0.6284074605451937,2
"sisterOf(X,Y) ∧ auntOf(Y,Z) → auntOf(X,Z)",sisterOf -> auntOf,auntOf,462,736,0.03342739309746039,0.6277173913043478,2
"sisterOf(X,Y) ∧ sisterOf(Y,Z) → sisterOf(X,Z)",sisterOf -> sisterOf,sisterOf,540,868,0.039070978945083566,0.6221198156682027,2
"daughterOf(X,Y) ∧ grandmotherOf(Y,Z) → auntOf(X,Z)",daughterOf -> grandmotherOf,auntOf,350,572,0.025323782649591203,0.6118881118881119,2
"sisterOf(X,Y) ∧ brotherOf(Y,Z) → sisterOf(X,Z)",sisterOf -> brotherOf,sisterOf,482,790,0.03487446639172274,0.610126582278481,2
"brotherOf(X,Y) ∧ sisterOf(Y,Z) → brotherOf(X,Z)",brotherOf -> sisterOf,brotherOf,482,790,0.03487446639172274,0.610126582278481,2
"motherOf(X,Y) ∧ girlCousinOf(Y,Z) → auntOf(X,Z)",motherOf -> girlCousinOf,auntOf,238,394,0.017220172201722016,0.6040609137055838,2
"nieceOf(X,Y) ∧ sisterOf(Y,Z) → nieceOf(X,Z)",nieceOf -> sisterOf,nieceOf,393,651,0.028434990232255264,0.6036866359447005,2
"nieceOf(X,Y) ∧ brotherOf(Y,Z) → nieceOf(X,Z)",nieceOf -> brotherOf,nieceOf,361,599,0.026119672961435497,0.6026711185308848,2
"sisterOf(X,Y) ∧ greatUncleOf(Y,Z) → greatAuntOf(X,Z)",sisterOf -> greatUncleOf,greatAuntOf,155,259,0.011214818030533246,0.5984555984555985,2
"nephewOf(X,Y) ∧ sisterOf(Y,Z) → nephewOf(X,Z)",nephewOf -> sisterOf,nephewOf,440,738,0.0318356124737718,0.5962059620596206,2
"sisterOf(X,Y) ∧ uncleOf(Y,Z) → auntOf(X,Z)",sisterOf -> uncleOf,auntOf,371,624,0.026843209608566673,0.594551282051282,2
"brotherOf(X,Y) ∧ uncleOf(Y,Z) → uncleOf(X,Z)",brotherOf -> uncleOf,uncleOf,294,495,0.021271977425656608,0.593939393939394,2
"motherOf(X,Y) ∧ secondAuntOf(Y,Z) → greatAuntOf(X,Z)",motherOf -> secondAuntOf,greatAuntOf,95,160,0.006873598147746183,0.59375,2
"sonOf(X,Y) ∧ greatGrandfatherOf(Y,Z) → grandfatherOf(X,Z)",sonOf -> greatGrandfatherOf,grandfatherOf,304,513,0.021995514072787787,0.5925925925925926,2
"greatAuntOf(X,Y) ∧ boyFirstCousinOnceRemovedOf(Y,Z) → auntOf(X,Z)",greatAuntOf -> boyFirstCousinOnceRemovedOf,auntOf,122,206,0.008827147095000362,0.5922330097087378,2
"brotherOf(X,Y) ∧ brotherOf(Y,Z) → brotherOf(X,Z)",brotherOf -> brotherOf,brotherOf,380,642,0.027494392590984733,0.5919003115264797,2
"boyFirstCousinOnceRemovedOf(X,Y) ∧ girlCousinOf(Y,Z) → nephewOf(X,Z)",boyFirstCousinOnceRemovedOf -> girlCousinOf,nephewOf,201,340,0.014543086607336662,0.5911764705882353,2
"auntOf(X,Y) ∧ grandsonOf(Y,Z) → daughterOf(X,Z)",auntOf -> grandsonOf,daughterOf,456,774,0.03299327110918168,0.5891472868217055,2
"sonOf(X,Y) ∧ fatherOf(Y,Z) → brotherOf(X,Z)",sonOf -> fatherOf,brotherOf,418,710,0.030243831850083207,0.5887323943661972,2
"daughterOf(X,Y) ∧ grandfatherOf(Y,Z) → auntOf(X,Z)",daughterOf -> grandfatherOf,auntOf,511,874,0.03697272266840315,0.5846681922196796,2
"nephewOf(X,Y) ∧ brotherOf(Y,Z) → nephewOf(X,Z)",nephewOf -> brotherOf,nephewOf,304,520,0.021995514072787787,0.5846153846153846,2
"sonOf(X,Y) ∧ greatGrandmotherOf(Y,Z) → grandfatherOf(X,Z)",sonOf -> greatGrandmotherOf,grandfatherOf,183,314,0.013240720642500543,0.5828025477707006,2
"sonOf(X,Y) ∧ motherOf(Y,Z) → brotherOf(X,Z)",sonOf -> motherOf,brotherOf,307,527,0.02221257506692714,0.5825426944971537,2
"secondAuntOf(X,Y) ∧ boySecondCousinOf(Y,Z) → auntOf(X,Z)",secondAuntOf -> boySecondCousinOf,auntOf,64,110,0.004630634541639534,0.5818181818181818,2
"greatAuntOf(X,Y) ∧ boySecondCousinOf(Y,Z) → greatAuntOf(X,Z)",greatAuntOf -> boySecondCousinOf,greatAuntOf,32,55,0.002315317270819767,0.5818181818181818,2
"daughterOf(X,Y) ∧ fatherOf(Y,Z) → sisterOf(X,Z)",daughterOf -> fatherOf,sisterOf,439,755,0.03176325880905868,0.5814569536423841,2
"daughterOf(X,Y) ∧ motherOf(Y,Z) → sisterOf(X,Z)",daughterOf -> motherOf,sisterOf,306,530,0.02214022140221402,0.5773584905660377,2
"greatUncleOf(X,Y) ∧ girlSecondCousinOf(Y,Z) → grandfatherOf(X,Z)",greatUncleOf -> girlSecondCousinOf,grandfatherOf,30,52,0.0021706099413935317,0.5769230769230769,2
"auntOf(X,Y) ∧ nephewOf(Y,Z) → sisterOf(X,Z)",auntOf -> nephewOf,sisterOf,440,768,0.0318356124737718,0.5729166666666666,2
"boySecondCousinOf(X,Y) ∧ boyFirstCousinOnceRemovedOf(Y,Z) → nephewOf(X,Z)",boySecondCousinOf -> boyFirstCousinOnceRemovedOf,nephewOf,48,84,0.0034729759062296505,0.5714285714285714,2
"fatherOf(X,Y) ∧ greatGrandsonOf(Y,Z) → grandsonOf(X,Z)",fatherOf -> greatGrandsonOf,grandsonOf,314,550,0.022719050719918962,0.5709090909090909,2
"auntOf(X,Y) ∧ granddaughterOf(Y,Z) → daughterOf(X,Z)",auntOf -> granddaughterOf,daughterOf,405,710,0.029303234208812676,0.5704225352112676,2
"brotherOf(X,Y) ∧ auntOf(Y,Z) → uncleOf(X,Z)",brotherOf -> auntOf,uncleOf,371,653,0.026843209608566673,0.5681470137825421,2
"auntOf(X,Y) ∧ girlCousinOf(Y,Z) → auntOf(X,Z)",auntOf -> girlCousinOf,auntOf,344,608,0.024889660661312495,0.5657894736842105,2
"auntOf(X,Y) ∧ nieceOf(Y,Z) → sisterOf(X,Z)",auntOf -> nieceOf,sisterOf,393,697,0.028434990232255264,0.563845050215208,2
"brotherOf(X,Y) ∧ greatAuntOf(Y,Z) → grandfatherOf(X,Z)",brotherOf -> greatAuntOf,grandfatherOf,200,355,0.014470732942623543,0.5633802816901409,2
"auntOf(X,Y) ∧ secondAuntOf(Y,Z) → greatAuntOf(X,Z)",auntOf -> secondAuntOf,greatAuntOf,128,229,0.009261269083279068,0.5589519650655022,2
"grandsonOf(X,Y) ∧ motherOf(Y,Z) → nephewOf(X,Z)",grandsonOf -> motherOf,nephewOf,458,820,0.03313797843860791,0.5585365853658537,2
"grandsonOf(X,Y) ∧ fatherOf(Y,Z) → nephewOf(X,Z)",grandsonOf -> fatherOf,nephewOf,458,820,0.03313797843860791,0.5585365853658537,2
"girlCousinOf(X,Y) ∧ nieceOf(Y,Z) → nieceOf(X,Z)",girlCousinOf -> nieceOf,nieceOf,322,577,0.023297880037623904,0.5580589254766031,2
"girlCousinOf(X,Y) ∧ nephewOf(Y,Z) → nieceOf(X,Z)",girlCousinOf -> nephewOf,nieceOf,281,505,0.02033137978438608,0.5564356435643565,2
"uncleOf(X,Y) ∧ nieceOf(Y,Z) → brotherOf(X,Z)",uncleOf -> nieceOf,brotherOf,361,649,0.026119672961435497,0.5562403697996918,2
"greatAuntOf(X,Y) ∧ girlSecondCousinOf(Y,Z) → greatAuntOf(X,Z)",greatAuntOf -> girlSecondCousinOf,greatAuntOf,40,72,0.002894146588524709,0.5555555555555556,2
"boyCousinOf(X,Y) ∧ nieceOf(Y,Z) → nephewOf(X,Z)",boyCousinOf -> nieceOf,nephewOf,281,507,0.02033137978438608,0.5542406311637081,2
"motherOf(X,Y) ∧ girlSecondCousinOf(Y,Z) → secondAuntOf(X,Z)",motherOf -> girlSecondCousinOf,secondAuntOf,31,56,0.0022429636061066494,0.5535714285714286,2
"granddaughterOf(X,Y) ∧ motherOf(Y,Z) → nieceOf(X,Z)",granddaughterOf -> motherOf,nieceOf,438,792,0.03169090514434556,0.553030303030303,2
"granddaughterOf(X,Y) ∧ fatherOf(Y,Z) → nieceOf(X,Z)",granddaughterOf -> fatherOf,nieceOf,438,792,0.03169090514434556,0.553030303030303,2
"motherOf(X,Y) ∧ nieceOf(Y,Z) → sisterOf(X,Z)",motherOf -> nieceOf,sisterOf,246,445,0.017799001519426958,0.5528089887640449,2
"brotherOf(X,Y) ∧ greatUncleOf(Y,Z) → grandfatherOf(X,Z)",brotherOf -> greatUncleOf,grandfatherOf,133,241,0.009623037406844656,0.5518672199170125,2
"uncleOf(X,Y) ∧ nephewOf(Y,Z) → brotherOf(X,Z)",uncleOf -> nephewOf,brotherOf,304,552,0.021995514072787787,0.5507246376811594,2
"greatAuntOf(X,Y) ∧ greatGranddaughterOf(Y,Z) → daughterOf(X,Z)",greatAuntOf -> greatGranddaughterOf,daughterOf,235,428,0.017003111207582664,0.5490654205607477,2
"granddaughterOf(X,Y) ∧ greatGrandmotherOf(Y,Z) → auntOf(X,Z)",granddaughterOf -> greatGrandmotherOf,auntOf,562,1024,0.04066275956877216,0.548828125,2
"granddaughterOf(X,Y) ∧ greatGrandfatherOf(Y,Z) → auntOf(X,Z)",granddaughterOf -> greatGrandfatherOf,auntOf,562,1024,0.04066275956877216,0.548828125,2
"uncleOf(X,Y) ∧ boyCousinOf(Y,Z) → uncleOf(X,Z)",uncleOf -> boyCousinOf,uncleOf,205,374,0.014832501266189133,0.5481283422459893,2
"grandmotherOf(X,Y) ∧ boySecondCousinOf(Y,Z) → greatAuntOf(X,Z)",grandmotherOf -> boySecondCousinOf,greatAuntOf,46,84,0.003328268576803415,0.5476190476190477,2
"auntOf(X,Y) ∧ boyCousinOf(Y,Z) → auntOf(X,Z)",auntOf -> boyCousinOf,auntOf,302,552,0.02185080674336155,0.5471014492753623,2
"boyCousinOf(X,Y) ∧ secondAuntOf(Y,Z) → uncleOf(X,Z)",boyCousinOf -> secondAuntOf,uncleOf,170,312,0.012300123001230012,0.5448717948717948,2
"uncleOf(X,Y) ∧ girlCousinOf(Y,Z) → uncleOf(X,Z)",uncleOf -> girlCousinOf,uncleOf,259,476,0.01873959916069749,0.5441176470588235,2
"girlCousinOf(X,Y) ∧ secondAuntOf(Y,Z) → auntOf(X,Z)",girlCousinOf -> secondAuntOf,auntOf,162,299,0.01172129368352507,0.5418060200668896,2
"motherOf(X,Y) ∧ boyCousinOf(Y,Z) → auntOf(X,Z)",motherOf -> boyCousinOf,auntOf,186,346,0.013457781636639896,0.5375722543352601,2
"boyCousinOf(X,Y) ∧ nephewOf(Y,Z) → nephewOf(X,Z)",boyCousinOf -> nephewOf,nephewOf,226,421,0.016351928225164604,0.5368171021377672,2
"greatGranddaughterOf(X,Y) ∧ grandmotherOf(Y,Z) → nieceOf(X,Z)",greatGranddaughterOf -> grandmotherOf,nieceOf,530,988,0.038347442297952394,0.5364372469635628,2
"greatGranddaughterOf(X,Y) ∧ grandfatherOf(Y,Z) → nieceOf(X,Z)",greatGranddaughterOf -> grandfatherOf,nieceOf,530,988,0.038347442297952394,0.5364372469635628,2
"fatherOf(X,Y) ∧ secondUncleOf(Y,Z) → greatUncleOf(X,Z)",fatherOf -> secondUncleOf,greatUncleOf,75,140,0.005426524853483829,0.5357142857142857,2
"nephewOf(X,Y) ∧ greatAuntOf(Y,Z) → uncleOf(X,Z)",nephewOf -> greatAuntOf,uncleOf,313,585,0.022646697055205847,0.535042735042735,2
"fatherOf(X,Y) ∧ boyFirstCousinOnceRemovedOf(Y,Z) → boyCousinOf(X,Z)",fatherOf -> boyFirstCousinOnceRemovedOf,boyCousinOf,89,167,0.006439476159467477,0.5329341317365269,2
"daughterOf(X,Y) ∧ greatGrandmotherOf(Y,Z) → greatAuntOf(X,Z)",daughterOf -> greatGrandmotherOf,greatAuntOf,182,342,0.013168366977787425,0.5321637426900585,2
"uncleOf(X,Y) ∧ grandsonOf(Y,Z) → sonOf(X,Z)",uncleOf -> grandsonOf,sonOf,310,584,0.02242963606106649,0.5308219178082192,2
"secondAuntOf(X,Y) ∧ boyFirstCousinOnceRemovedOf(Y,Z) → sisterOf(X,Z)",secondAuntOf -> boyFirstCousinOnceRemovedOf,sisterOf,152,287,0.010997757036393893,0.5296167247386759,2
"auntOf(X,Y) ∧ secondUncleOf(Y,Z) → greatAuntOf(X,Z)",auntOf -> secondUncleOf,greatAuntOf,99,187,0.007163012806598654,0.5294117647058824,2
"greatGranddaughterOf(X,Y) ∧ motherOf(Y,Z) → granddaughterOf(X,Z)",greatGranddaughterOf -> motherOf,granddaughterOf,261,494,0.018884306490123726,0.52834008097166,2
"greatGranddaughterOf(X,Y) ∧ fatherOf(Y,Z) → granddaughterOf(X,Z)",greatGranddaughterOf -> fatherOf,granddaughterOf,261,494,0.018884306490123726,0.52834008097166,2
"greatGrandsonOf(X,Y) ∧ motherOf(Y,Z) → grandsonOf(X,Z)",greatGrandsonOf -> motherOf,grandsonOf,282,535,0.020403733449099196,0.5271028037383177,2
"greatGrandsonOf(X,Y) ∧ fatherOf(Y,Z) → grandsonOf(X,Z)",greatGrandsonOf -> fatherOf,grandsonOf,282,535,0.020403733449099196,0.5271028037383177,2
"grandfatherOf(X,Y) ∧ girlFirstCousinOnceRemovedOf(Y,Z) → uncleOf(X,Z)",grandfatherOf -> girlFirstCousinOnceRemovedOf,uncleOf,98,186,0.007090659141885536,0.5268817204301075,2
"greatGrandsonOf(X,Y) ∧ grandmotherOf(Y,Z) → nephewOf(X,Z)",greatGrandsonOf -> grandmotherOf,nephewOf,541,1033,0.03914333260979669,0.5237173281703775,2
"greatGrandsonOf(X,Y) ∧ grandfatherOf(Y,Z) → nephewOf(X,Z)",greatGrandsonOf -> grandfatherOf,nephewOf,541,1033,0.03914333260979669,0.5237173281703775,2
"fatherOf(X,Y) ∧ nephewOf(Y,Z) → brotherOf(X,Z)",fatherOf -> nephewOf,brotherOf,232,447,0.016786050213443312,0.5190156599552572,2
"grandmotherOf(X,Y) ∧ boyFirstCousinOnceRemovedOf(Y,Z) → auntOf(X,Z)",grandmotherOf -> boyFirstCousinOnceRemovedOf,auntOf,114,220,0.00824831777729542,0.5181818181818182,2
"daughterOf(X,Y) ∧ greatGrandfatherOf(Y,Z) → greatAuntOf(X,Z)",daughterOf -> greatGrandfatherOf,greatAuntOf,297,574,0.021489038419795964,0.5174216027874564,2
"boySecondCousinOf(X,Y) ∧ girlFirstCousinOnceRemovedOf(Y,Z) → nephewOf(X,Z)",boySecondCousinOf -> girlFirstCousinOnceRemovedOf,nephewOf,65,126,0.004702988206352652,0.5158730158730159,2
"greatAuntOf(X,Y) ∧ girlFirstCousinOnceRemovedOf(Y,Z) → auntOf(X,Z)",greatAuntOf -> girlFirstCousinOnceRemovedOf,auntOf,105,204,0.00759713479487736,0.5147058823529411,2
"secondAuntOf(X,Y) ∧ girlSecondCousinOf(Y,Z) → auntOf(X,Z)",secondAuntOf -> girlSecondCousinOf,auntOf,39,76,0.002821792923811591,0.5131578947368421,2
"sonOf(X,Y) ∧ grandfatherOf(Y,Z) → uncleOf(X,Z)",sonOf -> grandfatherOf,uncleOf,397,774,0.028724404891107735,0.5129198966408268,2
"boyFirstCousinOnceRemovedOf(X,Y) ∧ boyCousinOf(Y,Z) → nephewOf(X,Z)",boyFirstCousinOnceRemovedOf -> boyCousinOf,nephewOf,140,273,0.010129513059836481,0.5128205128205128,2
"motherOf(X,Y) ∧ girlFirstCousinOnceRemovedOf(Y,Z) → girlCousinOf(X,Z)",motherOf -> girlFirstCousinOnceRemovedOf,girlCousinOf,72,141,0.005209463859344476,0.5106382978723404,2
"grandsonOf(X,Y) ∧ greatGrandmotherOf(Y,Z) → uncleOf(X,Z)",grandsonOf -> greatGrandmotherOf,uncleOf,509,997,0.03682801533897692,0.5105315947843531,2
"grandsonOf(X,Y) ∧ greatGrandfatherOf(Y,Z) → uncleOf(X,Z)",grandsonOf -> greatGrandfatherOf,uncleOf,509,997,0.03682801533897692,0.5105315947843531,2
"girlCousinOf(X,Y) ∧ secondUncleOf(Y,Z) → auntOf(X,Z)",girlCousinOf -> secondUncleOf,auntOf,129,254,0.009333622747992185,0.5078740157480315,2
"fatherOf(X,Y) ∧ greatGranddaughterOf(Y,Z) → grandsonOf(X,Z)",fatherOf -> greatGranddaughterOf,grandsonOf,276,544,0.01996961146082049,0.5073529411764706,2
"greatAuntOf(X,Y) ∧ greatGrandsonOf(Y,Z) → daughterOf(X,Z)",greatAuntOf -> greatGrandsonOf,daughterOf,244,484,0.017654294190000724,0.5041322314049587,2
"girlSecondCousinOf(X,Y) ∧ boyFirstCousinOnceRemovedOf(Y,Z) → nieceOf(X,Z)",girlSecondCousinOf -> boyFirstCousinOnceRemovedOf,nieceOf,62,123,0.004485927212213299,0.5040650406504065,2
"greatUncleOf(X,Y) ∧ girlFirstCousinOnceRemovedOf(Y,Z) → uncleOf(X,Z)",greatUncleOf -> girlFirstCousinOnceRemovedOf,uncleOf,67,133,0.004847695535778887,0.5037593984962406,2
"sonOf(X,Y) ∧ grandmotherOf(Y,Z) → uncleOf(X,Z)",sonOf -> grandmotherOf,uncleOf,253,506,0.018305477172418785,0.5,2
"uncleOf(X,Y) ∧ granddaughterOf(Y,Z) → sonOf(X,Z)",uncleOf -> granddaughterOf,sonOf,340,684,0.024600246002460024,0.49707602339181284,2
"secondUncleOf(X,Y) ∧ daughterOf(Y,Z) → boyCousinOf(X,Z)",secondUncleOf -> daughterOf,boyCousinOf,58,117,0.004196512553360828,0.49572649572649574,2
"secondUncleOf(X,Y) ∧ girlSecondCousinOf(Y,Z) → uncleOf(X,Z)",secondUncleOf -> girlSecondCousinOf,uncleOf,57,115,0.00412415888864771,0.4956521739130435,2
"auntOf(X,Y) ∧ sonOf(Y,Z) → sisterOf(X,Z)",auntOf -> sonOf,sisterOf,226,456,0.016351928225164604,0.4956140350877193,2
"motherOf(X,Y) ∧ greatGranddaughterOf(Y,Z) → granddaughterOf(X,Z)",motherOf -> greatGranddaughterOf,granddaughterOf,268,544,0.01939078214311555,0.49264705882352944,2
"boySecondCousinOf(X,Y) ∧ daughterOf(Y,Z) → boyFirstCousinOnceRemovedOf(X,Z)",boySecondCousinOf -> daughterOf,boyFirstCousinOnceRemovedOf,29,59,0.002098256276680414,0.4915254237288136,2
"uncleOf(X,Y) ∧ secondAuntOf(Y,Z) → grandfatherOf(X,Z)",uncleOf -> secondAuntOf,grandfatherOf,86,175,0.006222415165328124,0.49142857142857144,2
"fatherOf(X,Y) ∧ girlFirstCousinOnceRemovedOf(Y,Z) → boyCousinOf(X,Z)",fatherOf -> girlFirstCousinOnceRemovedOf,boyCousinOf,69,141,0.004992402865205123,0.48936170212765956,2
"boyCousinOf(X,Y) ∧ secondUncleOf(Y,Z) → uncleOf(X,Z)",boyCousinOf -> secondUncleOf,uncleOf,125,256,0.009044208089139714,0.48828125,2
"greatUncleOf(X,Y) ∧ greatGranddaughterOf(Y,Z) → sonOf(X,Z)",greatUncleOf -> greatGranddaughterOf,sonOf,166,342,0.012010708342377541,0.4853801169590643,2
"auntOf(X,Y) ∧ daughterOf(Y,Z) → sisterOf(X,Z)",auntOf -> daughterOf,sisterOf,196,405,0.014181318283771073,0.4839506172839506,2
"girlFirstCousinOnceRemovedOf(X,Y) ∧ girlCousinOf(Y,Z) → nieceOf(X,Z)",girlFirstCousinOnceRemovedOf -> girlCousinOf,nieceOf,131,271,0.00947833007741842,0.4833948339483395,2
"daughterOf(X,Y) ∧ greatGrandfatherOf(Y,Z) → grandmotherOf(X,Z)",daughterOf -> greatGrandfatherOf,grandmotherOf,277,574,0.02004196512553361,0.48257839721254353,2
"girlCousinOf(X,Y) ∧ girlCousinOf(Y,Z) → sisterOf(X,Z)",girlCousinOf -> girlCousinOf,sisterOf,432,896,0.03125678315606686,0.48214285714285715,2
"secondUncleOf(X,Y) ∧ girlFirstCousinOnceRemovedOf(Y,Z) → brotherOf(X,Z)",secondUncleOf -> girlFirstCousinOnceRemovedOf,brotherOf,114,237,0.00824831777729542,0.4810126582278481,2
"girlFirstCousinOnceRemovedOf(X,Y) ∧ boyCousinOf(Y,Z) → nieceOf(X,Z)",girlFirstCousinOnceRemovedOf -> boyCousinOf,nieceOf,114,237,0.00824831777729542,0.4810126582278481,2
"motherOf(X,Y) ∧ nephewOf(Y,Z) → sisterOf(X,Z)",motherOf -> nephewOf,sisterOf,215,447,0.01555603791332031,0.4809843400447427,2
"girlSecondCousinOf(X,Y) ∧ girlFirstCousinOnceRemovedOf(Y,Z) → nieceOf(X,Z)",girlSecondCousinOf -> girlFirstCousinOnceRemovedOf,nieceOf,31,65,0.0022429636061066494,0.47692307692307695,2
"boyCousinOf(X,Y) ∧ girlCousinOf(Y,Z) → brotherOf(X,Z)",boyCousinOf -> girlCousinOf,brotherOf,362,761,0.026192026626148616,0.4756898817345598,2
"uncleOf(X,Y) ∧ secondUncleOf(Y,Z) → grandfatherOf(X,Z)",uncleOf -> secondUncleOf,grandfatherOf,78,164,0.005643585847623182,0.47560975609756095,2
"girlFirstCousinOnceRemovedOf(X,Y) ∧ nephewOf(Y,Z) → granddaughterOf(X,Z)",girlFirstCousinOnceRemovedOf -> nephewOf,granddaughterOf,76,160,0.005498878518196947,0.475,2
"secondUncleOf(X,Y) ∧ boySecondCousinOf(Y,Z) → uncleOf(X,Z)",secondUncleOf -> boySecondCousinOf,uncleOf,46,97,0.003328268576803415,0.4742268041237113,2
"secondAuntOf(X,Y) ∧ daughterOf(Y,Z) → girlCousinOf(X,Z)",secondAuntOf -> daughterOf,girlCousinOf,55,116,0.003979451559221475,0.47413793103448276,2
"nieceOf(X,Y) ∧ greatUncleOf(Y,Z) → auntOf(X,Z)",nieceOf -> greatUncleOf,auntOf,179,381,0.012951305983648072,0.46981627296587924,2
"uncleOf(X,Y) ∧ secondUncleOf(Y,Z) → greatUncleOf(X,Z)",uncleOf -> secondUncleOf,greatUncleOf,77,164,0.0055712321829100644,0.4695121951219512,2
"daughterOf(X,Y) ∧ greatGrandmotherOf(Y,Z) → grandmotherOf(X,Z)",daughterOf -> greatGrandmotherOf,grandmotherOf,160,342,0.011576586354098835,0.4678362573099415,2
"granddaughterOf(X,Y) ∧ grandmotherOf(Y,Z) → sisterOf(X,Z)",granddaughterOf -> grandmotherOf,sisterOf,747,1598,0.054048187540698935,0.467459324155194,2
"granddaughterOf(X,Y) ∧ grandfatherOf(Y,Z) → sisterOf(X,Z)",granddaughterOf -> grandfatherOf,sisterOf,747,1598,0.054048187540698935,0.467459324155194,2
"nieceOf(X,Y) ∧ greatAuntOf(Y,Z) → auntOf(X,Z)",nieceOf -> greatAuntOf,auntOf,234,501,0.016930757542869546,0.46706586826347307,2
"motherOf(X,Y) ∧ boyFirstCousinOnceRemovedOf(Y,Z) → girlCousinOf(X,Z)",motherOf -> boyFirstCousinOnceRemovedOf,girlCousinOf,78,167,0.005643585847623182,0.46706586826347307,2
"greatUncleOf(X,Y) ∧ boyFirstCousinOnceRemovedOf(Y,Z) → fatherOf(X,Z)",greatUncleOf -> boyFirstCousinOnceRemovedOf,fatherOf,90,193,0.006511829824180595,0.46632124352331605,2
"motherOf(X,Y) ∧ secondUncleOf(Y,Z) → greatAuntOf(X,Z)",motherOf -> secondUncleOf,greatAuntOf,65,140,0.004702988206352652,0.4642857142857143,2
"fatherOf(X,Y) ∧ boyCousinOf(Y,Z) → uncleOf(X,Z)",fatherOf -> boyCousinOf,uncleOf,160,346,0.011576586354098835,0.4624277456647399,2
"girlCousinOf(X,Y) ∧ boyCousinOf(Y,Z) → sisterOf(X,Z)",girlCousinOf -> boyCousinOf,sisterOf,337,731,0.024383185008320672,0.46101231190150477,2
"secondUncleOf(X,Y) ∧ boyFirstCousinOnceRemovedOf(Y,Z) → brotherOf(X,Z)",secondUncleOf -> boyFirstCousinOnceRemovedOf,brotherOf,112,243,0.008103610447869185,0.4609053497942387,2
"greatUncleOf(X,Y) ∧ greatGrandsonOf(Y,Z) → sonOf(X,Z)",greatUncleOf -> greatGrandsonOf,sonOf,174,380,0.012589537660082483,0.45789473684210524,2
"girlSecondCousinOf(X,Y) ∧ sonOf(Y,Z) → girlFirstCousinOnceRemovedOf(X,Z)",girlSecondCousinOf -> sonOf,girlFirstCousinOnceRemovedOf,27,59,0.0019535489472541786,0.4576271186440678,2
"grandsonOf(X,Y) ∧ grandmotherOf(Y,Z) → brotherOf(X,Z)",grandsonOf -> grandmotherOf,brotherOf,673,1471,0.04869401635192822,0.4575118966689327,2
"grandsonOf(X,Y) ∧ grandfatherOf(Y,Z) → brotherOf(X,Z)",grandsonOf -> grandfatherOf,brotherOf,673,1471,0.04869401635192822,0.4575118966689327,2
"greatAuntOf(X,Y) ∧ daughterOf(Y,Z) → auntOf(X,Z)",greatAuntOf -> daughterOf,auntOf,106,235,0.007669488459590478,0.451063829787234,2
"greatUncleOf(X,Y) ∧ boyFirstCousinOnceRemovedOf(Y,Z) → uncleOf(X,Z)",greatUncleOf -> boyFirstCousinOnceRemovedOf,uncleOf,87,193,0.0062947688300412415,0.45077720207253885,2
"brotherOf(X,Y) ∧ greatUncleOf(Y,Z) → greatUncleOf(X,Z)",brotherOf -> greatUncleOf,greatUncleOf,108,241,0.007814195789016714,0.44813278008298757,2
"fatherOf(X,Y) ∧ nieceOf(Y,Z) → brotherOf(X,Z)",fatherOf -> nieceOf,brotherOf,199,445,0.014398379277910427,0.44719101123595506,2
"fatherOf(X,Y) ∧ girlSecondCousinOf(Y,Z) → secondUncleOf(X,Z)",fatherOf -> girlSecondCousinOf,secondUncleOf,25,56,0.001808841617827943,0.44642857142857145,2
"greatAuntOf(X,Y) ∧ girlSecondCousinOf(Y,Z) → grandmotherOf(X,Z)",greatAuntOf -> girlSecondCousinOf,grandmotherOf,32,72,0.002315317270819767,0.4444444444444444,2
"boySecondCousinOf(X,Y) ∧ sonOf(Y,Z) → boyFirstCousinOnceRemovedOf(X,Z)",boySecondCousinOf -> sonOf,boyFirstCousinOnceRemovedOf,15,34,0.0010853049706967658,0.4411764705882353,2
"secondAuntOf(X,Y) ∧ girlFirstCousinOnceRemovedOf(Y,Z) → sisterOf(X,Z)",secondAuntOf -> girlFirstCousinOnceRemovedOf,sisterOf,110,250,0.00795890311844295,0.44,2
"uncleOf(X,Y) ∧ secondAuntOf(Y,Z) → greatUncleOf(X,Z)",uncleOf -> secondAuntOf,greatUncleOf,77,175,0.0055712321829100644,0.44,2
"greatGrandmotherOf(X,Y) ∧ sonOf(Y,Z) → grandmotherOf(X,Z)",greatGrandmotherOf -> sonOf,grandmotherOf,203,462,0.014687793936762897,0.4393939393939394,2
"greatGrandfatherOf(X,Y) ∧ sonOf(Y,Z) → grandfatherOf(X,Z)",greatGrandfatherOf -> sonOf,grandfatherOf,203,462,0.014687793936762897,0.4393939393939394,2
"boyFirstCousinOnceRemovedOf(X,Y) ∧ nieceOf(Y,Z) → grandsonOf(X,Z)",boyFirstCousinOnceRemovedOf -> nieceOf,grandsonOf,98,224,0.007090659141885536,0.4375,2
"girlSecondCousinOf(X,Y) ∧ daughterOf(Y,Z) → girlFirstCousinOnceRemovedOf(X,Z)",girlSecondCousinOf -> daughterOf,girlFirstCousinOnceRemovedOf,14,32,0.0010129513059836481,0.4375,2
"brotherOf(X,Y) ∧ greatAuntOf(Y,Z) → greatUncleOf(X,Z)",brotherOf -> greatAuntOf,greatUncleOf,155,355,0.011214818030533246,0.43661971830985913,2
"uncleOf(X,Y) ∧ sonOf(Y,Z) → brotherOf(X,Z)",uncleOf -> sonOf,brotherOf,135,310,0.009767744736270892,0.43548387096774194,2
"greatGrandmotherOf(X,Y) ∧ daughterOf(Y,Z) → grandmotherOf(X,Z)",greatGrandmotherOf -> daughterOf,grandmotherOf,200,462,0.014470732942623543,0.4329004329004329,2
"greatGrandfatherOf(X,Y) ∧ daughterOf(Y,Z) → grandfatherOf(X,Z)",greatGrandfatherOf -> daughterOf,grandfatherOf,200,462,0.014470732942623543,0.4329004329004329,2
"boySecondCousinOf(X,Y) ∧ boySecondCousinOf(Y,Z) → brotherOf(X,Z)",boySecondCousinOf -> boySecondCousinOf,brotherOf,29,67,0.002098256276680414,0.43283582089552236,2
"boyFirstCousinOnceRemovedOf(X,Y) ∧ nephewOf(Y,Z) → grandsonOf(X,Z)",boyFirstCousinOnceRemovedOf -> nephewOf,grandsonOf,82,191,0.005933000506475653,0.4293193717277487,2
"motherOf(X,Y) ∧ greatGrandsonOf(Y,Z) → granddaughterOf(X,Z)",motherOf -> greatGrandsonOf,granddaughterOf,236,550,0.017075464872295783,0.4290909090909091,2
"auntOf(X,Y) ∧ secondUncleOf(Y,Z) → grandmotherOf(X,Z)",auntOf -> secondUncleOf,grandmotherOf,80,187,0.005788293177049418,0.42780748663101603,2
"girlFirstCousinOnceRemovedOf(X,Y) ∧ nieceOf(Y,Z) → granddaughterOf(X,Z)",girlFirstCousinOnceRemovedOf -> nieceOf,granddaughterOf,77,180,0.0055712321829100644,0.42777777777777776,2
"nephewOf(X,Y) ∧ auntOf(Y,Z) → brotherOf(X,Z)",nephewOf -> auntOf,brotherOf,444,1044,0.032125027132624266,0.42528735632183906,2
"sonOf(X,Y) ∧ grandfatherOf(Y,Z) → fatherOf(X,Z)",sonOf -> grandfatherOf,fatherOf,328,774,0.023732002025902612,0.42377260981912146,2
"uncleOf(X,Y) ∧ daughterOf(Y,Z) → brotherOf(X,Z)",uncleOf -> daughterOf,brotherOf,144,340,0.010418927718688952,0.4235294117647059,2
"nieceOf(X,Y) ∧ auntOf(Y,Z) → sisterOf(X,Z)",nieceOf -> auntOf,sisterOf,442,1044,0.03198031980319803,0.42337164750957856,2
"greatAuntOf(X,Y) ∧ girlFirstCousinOnceRemovedOf(Y,Z) → motherOf(X,Z)",greatAuntOf -> girlFirstCousinOnceRemovedOf,motherOf,86,204,0.006222415165328124,0.4215686274509804,2
"boyCousinOf(X,Y) ∧ sonOf(Y,Z) → nephewOf(X,Z)",boyCousinOf -> sonOf,nephewOf,118,280,0.008537732436147891,0.42142857142857143,2
"greatAuntOf(X,Y) ∧ boySecondCousinOf(Y,Z) → grandmotherOf(X,Z)",greatAuntOf -> boySecondCousinOf,grandmotherOf,23,55,0.0016641342884017075,0.41818181818181815,2
"sonOf(X,Y) ∧ greatGrandmotherOf(Y,Z) → greatUncleOf(X,Z)",sonOf -> greatGrandmotherOf,greatUncleOf,131,314,0.00947833007741842,0.4171974522292994,2
"boyCousinOf(X,Y) ∧ boyCousinOf(Y,Z) → brotherOf(X,Z)",boyCousinOf -> boyCousinOf,brotherOf,231,554,0.016713696548730193,0.41696750902527074,2
"girlCousinOf(X,Y) ∧ sonOf(Y,Z) → nieceOf(X,Z)",girlCousinOf -> sonOf,nieceOf,129,310,0.009333622747992185,0.4161290322580645,2
"nephewOf(X,Y) ∧ greatUncleOf(Y,Z) → uncleOf(X,Z)",nephewOf -> greatUncleOf,uncleOf,134,323,0.009695391071557775,0.4148606811145511,2
"secondAuntOf(X,Y) ∧ granddaughterOf(Y,Z) → nieceOf(X,Z)",secondAuntOf -> granddaughterOf,nieceOf,77,186,0.0055712321829100644,0.41397849462365593,2
"secondUncleOf(X,Y) ∧ grandsonOf(Y,Z) → nephewOf(X,Z)",secondUncleOf -> grandsonOf,nephewOf,82,200,0.005933000506475653,0.41,2
"boyCousinOf(X,Y) ∧ daughterOf(Y,Z) → nephewOf(X,Z)",boyCousinOf -> daughterOf,nephewOf,127,310,0.00918891541856595,0.4096774193548387,2
"secondUncleOf(X,Y) ∧ granddaughterOf(Y,Z) → nephewOf(X,Z)",secondUncleOf -> granddaughterOf,nephewOf,76,186,0.005498878518196947,0.40860215053763443,2
"secondAuntOf(X,Y) ∧ grandsonOf(Y,Z) → nieceOf(X,Z)",secondAuntOf -> grandsonOf,nieceOf,98,240,0.007090659141885536,0.4083333333333333,2
"sonOf(X,Y) ∧ greatGrandfatherOf(Y,Z) → greatUncleOf(X,Z)",sonOf -> greatGrandfatherOf,greatUncleOf,209,513,0.015121915925041604,0.4074074074074074,2
"fatherOf(X,Y) ∧ secondAuntOf(Y,Z) → greatUncleOf(X,Z)",fatherOf -> secondAuntOf,greatUncleOf,65,160,0.004702988206352652,0.40625,2
"nieceOf(X,Y) ∧ uncleOf(Y,Z) → sisterOf(X,Z)",nieceOf -> uncleOf,sisterOf,337,834,0.024383185008320672,0.4040767386091127,2
"sonOf(X,Y) ∧ grandmotherOf(Y,Z) → fatherOf(X,Z)",sonOf -> grandmotherOf,fatherOf,204,506,0.014760147601476014,0.4031620553359684,2
"sisterOf(X,Y) ∧ greatUncleOf(Y,Z) → grandmotherOf(X,Z)",sisterOf -> greatUncleOf,grandmotherOf,104,259,0.007524781130164243,0.4015444015444015,2
"girlCousinOf(X,Y) ∧ daughterOf(Y,Z) → nieceOf(X,Z)",girlCousinOf -> daughterOf,nieceOf,141,352,0.010201866724549598,0.4005681818181818,2
"greatAuntOf(X,Y) ∧ grandsonOf(Y,Z) → sisterOf(X,Z)",greatAuntOf -> grandsonOf,sisterOf,164,414,0.011866001012951306,0.3961352657004831,2
"fatherOf(X,Y) ∧ girlCousinOf(Y,Z) → uncleOf(X,Z)",fatherOf -> girlCousinOf,uncleOf,156,394,0.011287171695246364,0.39593908629441626,2
"greatUncleOf(X,Y) ∧ daughterOf(Y,Z) → uncleOf(X,Z)",greatUncleOf -> daughterOf,uncleOf,65,166,0.004702988206352652,0.39156626506024095,2
"greatAuntOf(X,Y) ∧ sonOf(Y,Z) → auntOf(X,Z)",greatAuntOf -> sonOf,auntOf,95,244,0.006873598147746183,0.38934426229508196,2
"auntOf(X,Y) ∧ secondAuntOf(Y,Z) → grandmotherOf(X,Z)",auntOf -> secondAuntOf,grandmotherOf,89,229,0.006439476159467477,0.388646288209607,2
"brotherOf(X,Y) ∧ auntOf(Y,Z) → fatherOf(X,Z)",brotherOf -> auntOf,fatherOf,253,653,0.018305477172418785,0.3874425727411945,2
"grandfatherOf(X,Y) ∧ daughterOf(Y,Z) → fatherOf(X,Z)",grandfatherOf -> daughterOf,fatherOf,240,621,0.017364879531148254,0.3864734299516908,2
"grandmotherOf(X,Y) ∧ daughterOf(Y,Z) → motherOf(X,Z)",grandmotherOf -> daughterOf,motherOf,240,621,0.017364879531148254,0.3864734299516908,2
"greatUncleOf(X,Y) ∧ grandsonOf(Y,Z) → brotherOf(X,Z)",greatUncleOf -> grandsonOf,brotherOf,125,326,0.009044208089139714,0.3834355828220859,2
"grandmotherOf(X,Y) ∧ sonOf(Y,Z) → motherOf(X,Z)",grandmotherOf -> sonOf,motherOf,227,594,0.016424281889877723,0.38215488215488214,2
"grandfatherOf(X,Y) ∧ sonOf(Y,Z) → fatherOf(X,Z)",grandfatherOf -> sonOf,fatherOf,227,594,0.016424281889877723,0.38215488215488214,2
"nephewOf(X,Y) ∧ uncleOf(Y,Z) → brotherOf(X,Z)",nephewOf -> uncleOf,brotherOf,259,680,0.01873959916069749,0.38088235294117645,2
"secondAuntOf(X,Y) ∧ sonOf(Y,Z) → girlCousinOf(X,Z)",secondAuntOf -> sonOf,girlCousinOf,52,137,0.0037623905650821213,0.3795620437956204,2
"greatAuntOf(X,Y) ∧ granddaughterOf(Y,Z) → sisterOf(X,Z)",greatAuntOf -> granddaughterOf,sisterOf,148,390,0.010708342377541423,0.37948717948717947,2
"auntOf(X,Y) ∧ boyCousinOf(Y,Z) → motherOf(X,Z)",auntOf -> boyCousinOf,motherOf,209,552,0.015121915925041604,0.3786231884057971,2
"uncleOf(X,Y) ∧ girlCousinOf(Y,Z) → fatherOf(X,Z)",uncleOf -> girlCousinOf,fatherOf,180,476,0.01302365964836119,0.37815126050420167,2
"greatUncleOf(X,Y) ∧ girlFirstCousinOnceRemovedOf(Y,Z) → fatherOf(X,Z)",greatUncleOf -> girlFirstCousinOnceRemovedOf,fatherOf,50,133,0.003617683235655886,0.37593984962406013,2
"fatherOf(X,Y) ∧ granddaughterOf(Y,Z) → sonOf(X,Z)",fatherOf -> granddaughterOf,sonOf,266,716,0.019246074813689312,0.3715083798882682,2
"greatGranddaughterOf(X,Y) ∧ greatGrandmotherOf(Y,Z) → sisterOf(X,Z)",greatGranddaughterOf -> greatGrandmotherOf,sisterOf,483,1310,0.03494682005643586,0.36870229007633587,2
"greatGranddaughterOf(X,Y) ∧ greatGrandfatherOf(Y,Z) → sisterOf(X,Z)",greatGranddaughterOf -> greatGrandfatherOf,sisterOf,483,1310,0.03494682005643586,0.36870229007633587,2
"fatherOf(X,Y) ∧ grandsonOf(Y,Z) → sonOf(X,Z)",fatherOf -> grandsonOf,sonOf,266,724,0.019246074813689312,0.3674033149171271,2
"sisterOf(X,Y) ∧ uncleOf(Y,Z) → motherOf(X,Z)",sisterOf -> uncleOf,motherOf,229,624,0.016568989219303956,0.36698717948717946,2
"greatUncleOf(X,Y) ∧ granddaughterOf(Y,Z) → brotherOf(X,Z)",greatUncleOf -> granddaughterOf,brotherOf,112,306,0.008103610447869185,0.3660130718954248,2
"greatUncleOf(X,Y) ∧ girlSecondCousinOf(Y,Z) → greatUncleOf(X,Z)",greatUncleOf -> girlSecondCousinOf,greatUncleOf,19,52,0.0013747196295492367,0.36538461538461536,2
"daughterOf(X,Y) ∧ grandfatherOf(Y,Z) → motherOf(X,Z)",daughterOf -> grandfatherOf,motherOf,319,874,0.02308081904348455,0.36498855835240274,2
"uncleOf(X,Y) ∧ boyCousinOf(Y,Z) → fatherOf(X,Z)",uncleOf -> boyCousinOf,fatherOf,136,374,0.00984009840098401,0.36363636363636365,2
"greatUncleOf(X,Y) ∧ sonOf(Y,Z) → uncleOf(X,Z)",greatUncleOf -> sonOf,uncleOf,63,174,0.0045582808769264165,0.3620689655172414,2
"motherOf(X,Y) ∧ granddaughterOf(Y,Z) → daughterOf(X,Z)",motherOf -> granddaughterOf,daughterOf,259,716,0.01873959916069749,0.361731843575419,2
"brotherOf(X,Y) ∧ uncleOf(Y,Z) → fatherOf(X,Z)",brotherOf -> uncleOf,fatherOf,178,495,0.012878952318934954,0.3595959595959596,2
"greatAuntOf(X,Y) ∧ boyFirstCousinOnceRemovedOf(Y,Z) → motherOf(X,Z)",greatAuntOf -> boyFirstCousinOnceRemovedOf,motherOf,74,206,0.005354171188770711,0.3592233009708738,2
"greatGrandsonOf(X,Y) ∧ greatGrandmotherOf(Y,Z) → brotherOf(X,Z)",greatGrandsonOf -> greatGrandmotherOf,brotherOf,437,1217,0.03161855147963245,0.3590797041906327,2
"greatGrandsonOf(X,Y) ∧ greatGrandfatherOf(Y,Z) → brotherOf(X,Z)",greatGrandsonOf -> greatGrandfatherOf,brotherOf,437,1217,0.03161855147963245,0.3590797041906327,2
"boySecondCousinOf(X,Y) ∧ girlSecondCousinOf(Y,Z) → brotherOf(X,Z)",boySecondCousinOf -> girlSecondCousinOf,brotherOf,34,95,0.0024600246002460025,0.35789473684210527,2
"auntOf(X,Y) ∧ girlCousinOf(Y,Z) → motherOf(X,Z)",auntOf -> girlCousinOf,motherOf,215,608,0.01555603791332031,0.3536184210526316,2
"sisterOf(X,Y) ∧ greatAuntOf(Y,Z) → grandmotherOf(X,Z)",sisterOf -> greatAuntOf,grandmotherOf,112,318,0.008103610447869185,0.3522012578616352,2
"greatGranddaughterOf(X,Y) ∧ greatGrandfatherOf(Y,Z) → girlCousinOf(X,Z)",greatGranddaughterOf -> greatGrandfatherOf,girlCousinOf,460,1310,0.03328268576803415,0.3511450381679389,2
"greatGranddaughterOf(X,Y) ∧ greatGrandmotherOf(Y,Z) → girlCousinOf(X,Z)",greatGranddaughterOf -> greatGrandmotherOf,girlCousinOf,460,1310,0.03328268576803415,0.3511450381679389,2
"greatUncleOf(X,Y) ∧ boySecondCousinOf(Y,Z) → greatUncleOf(X,Z)",greatUncleOf -> boySecondCousinOf,greatUncleOf,23,68,0.0016641342884017075,0.3382352941176471,2
"secondUncleOf(X,Y) ∧ girlSecondCousinOf(Y,Z) → fatherOf(X,Z)",secondUncleOf -> girlSecondCousinOf,fatherOf,38,115,0.0027494392590984734,0.33043478260869563,2
"greatGrandmotherOf(X,Y) ∧ grandsonOf(Y,Z) → motherOf(X,Z)",greatGrandmotherOf -> grandsonOf,motherOf,282,854,0.020403733449099196,0.33021077283372363,2
"greatGrandfatherOf(X,Y) ∧ grandsonOf(Y,Z) → fatherOf(X,Z)",greatGrandfatherOf -> grandsonOf,fatherOf,282,854,0.020403733449099196,0.33021077283372363,2
"nieceOf(X,Y) ∧ auntOf(Y,Z) → girlCousinOf(X,Z)",nieceOf -> auntOf,girlCousinOf,344,1044,0.024889660661312495,0.32950191570881227,2
"motherOf(X,Y) ∧ grandsonOf(Y,Z) → daughterOf(X,Z)",motherOf -> grandsonOf,daughterOf,238,724,0.017220172201722016,0.3287292817679558,2
"greatGrandsonOf(X,Y) ∧ greatGrandfatherOf(Y,Z) → boyCousinOf(X,Z)",greatGrandsonOf -> greatGrandfatherOf,boyCousinOf,400,1217,0.028941465885247087,0.3286770747740345,2
"greatGrandsonOf(X,Y) ∧ greatGrandmotherOf(Y,Z) → boyCousinOf(X,Z)",greatGrandsonOf -> greatGrandmotherOf,boyCousinOf,400,1217,0.028941465885247087,0.3286770747740345,2
"secondUncleOf(X,Y) ∧ sonOf(Y,Z) → boyCousinOf(X,Z)",secondUncleOf -> sonOf,boyCousinOf,38,116,0.0027494392590984734,0.3275862068965517,2
"girlFirstCousinOnceRemovedOf(X,Y) ∧ secondAuntOf(Y,Z) → girlCousinOf(X,Z)",girlFirstCousinOnceRemovedOf -> secondAuntOf,girlCousinOf,69,212,0.004992402865205123,0.32547169811320753,2
"sisterOf(X,Y) ∧ auntOf(Y,Z) → motherOf(X,Z)",sisterOf -> auntOf,motherOf,232,736,0.016786050213443312,0.31521739130434784,2
"nephewOf(X,Y) ∧ greatUncleOf(Y,Z) → fatherOf(X,Z)",nephewOf -> greatUncleOf,fatherOf,101,323,0.0073077201360248895,0.3126934984520124,2
"daughterOf(X,Y) ∧ grandmotherOf(Y,Z) → motherOf(X,Z)",daughterOf -> grandmotherOf,motherOf,178,572,0.012878952318934954,0.3111888111888112,2
"nieceOf(X,Y) ∧ uncleOf(Y,Z) → girlCousinOf(X,Z)",nieceOf -> uncleOf,girlCousinOf,259,834,0.01873959916069749,0.3105515587529976,2
"secondUncleOf(X,Y) ∧ boySecondCousinOf(Y,Z) → fatherOf(X,Z)",secondUncleOf -> boySecondCousinOf,fatherOf,30,97,0.0021706099413935317,0.30927835051546393,2
"motherOf(X,Y) ∧ boySecondCousinOf(Y,Z) → secondAuntOf(X,Z)",motherOf -> boySecondCousinOf,secondAuntOf,19,62,0.0013747196295492367,0.3064516129032258,2
"nephewOf(X,Y) ∧ sisterOf(Y,Z) → sonOf(X,Z)",nephewOf -> sisterOf,sonOf,226,738,0.016351928225164604,0.3062330623306233,2
"greatGrandmotherOf(X,Y) ∧ granddaughterOf(Y,Z) → motherOf(X,Z)",greatGrandmotherOf -> granddaughterOf,motherOf,261,856,0.018884306490123726,0.30490654205607476,2
"greatGrandfatherOf(X,Y) ∧ granddaughterOf(Y,Z) → fatherOf(X,Z)",greatGrandfatherOf -> granddaughterOf,fatherOf,261,856,0.018884306490123726,0.30490654205607476,2
"granddaughterOf(X,Y) ∧ motherOf(Y,Z) → daughterOf(X,Z)",granddaughterOf -> motherOf,daughterOf,240,792,0.017364879531148254,0.30303030303030304,2
"granddaughterOf(X,Y) ∧ fatherOf(Y,Z) → daughterOf(X,Z)",granddaughterOf -> fatherOf,daughterOf,240,792,0.017364879531148254,0.30303030303030304,2
"nephewOf(X,Y) ∧ uncleOf(Y,Z) → boyCousinOf(X,Z)",nephewOf -> uncleOf,boyCousinOf,205,680,0.014832501266189133,0.3014705882352941,2
"grandfatherOf(X,Y) ∧ greatGranddaughterOf(Y,Z) → sonOf(X,Z)",grandfatherOf -> greatGranddaughterOf,sonOf,258,856,0.01866724549598437,0.3014018691588785,2
"nieceOf(X,Y) ∧ sisterOf(Y,Z) → daughterOf(X,Z)",nieceOf -> sisterOf,daughterOf,196,651,0.014181318283771073,0.3010752688172043,2
"grandfatherOf(X,Y) ∧ boyFirstCousinOnceRemovedOf(Y,Z) → uncleOf(X,Z)",grandfatherOf -> boyFirstCousinOnceRemovedOf,uncleOf,66,220,0.00477534187106577,0.3,2
"girlSecondCousinOf(X,Y) ∧ boySecondCousinOf(Y,Z) → sisterOf(X,Z)",girlSecondCousinOf -> boySecondCousinOf,sisterOf,27,91,0.0019535489472541786,0.2967032967032967,2
"grandsonOf(X,Y) ∧ greatGrandmotherOf(Y,Z) → fatherOf(X,Z)",grandsonOf -> greatGrandmotherOf,fatherOf,295,997,0.021344331090369727,0.2958876629889669,2
"grandsonOf(X,Y) ∧ greatGrandfatherOf(Y,Z) → fatherOf(X,Z)",grandsonOf -> greatGrandfatherOf,fatherOf,295,997,0.021344331090369727,0.2958876629889669,2
"grandmotherOf(X,Y) ∧ girlFirstCousinOnceRemovedOf(Y,Z) → auntOf(X,Z)",grandmotherOf -> girlFirstCousinOnceRemovedOf,auntOf,55,186,0.003979451559221475,0.2956989247311828,2
"boyFirstCousinOnceRemovedOf(X,Y) ∧ secondUncleOf(Y,Z) → brotherOf(X,Z)",boyFirstCousinOnceRemovedOf -> secondUncleOf,brotherOf,57,193,0.00412415888864771,0.29533678756476683,2
"nieceOf(X,Y) ∧ greatUncleOf(Y,Z) → motherOf(X,Z)",nieceOf -> greatUncleOf,motherOf,112,381,0.008103610447869185,0.29396325459317585,2
"nephewOf(X,Y) ∧ auntOf(Y,Z) → boyCousinOf(X,Z)",nephewOf -> auntOf,boyCousinOf,302,1044,0.02185080674336155,0.289272030651341,2
"boyFirstCousinOnceRemovedOf(X,Y) ∧ secondAuntOf(Y,Z) → brotherOf(X,Z)",boyFirstCousinOnceRemovedOf -> secondAuntOf,brotherOf,69,239,0.004992402865205123,0.28870292887029286,2
"girlSecondCousinOf(X,Y) ∧ girlSecondCousinOf(Y,Z) → sisterOf(X,Z)",girlSecondCousinOf -> girlSecondCousinOf,sisterOf,14,49,0.0010129513059836481,0.2857142857142857,2
"secondAuntOf(X,Y) ∧ boySecondCousinOf(Y,Z) → motherOf(X,Z)",secondAuntOf -> boySecondCousinOf,motherOf,31,110,0.0022429636061066494,0.2818181818181818,2
"boyCousinOf(X,Y) ∧ nephewOf(Y,Z) → sonOf(X,Z)",boyCousinOf -> nephewOf,sonOf,118,421,0.008537732436147891,0.28028503562945367,2
"girlCousinOf(X,Y) ∧ secondUncleOf(Y,Z) → motherOf(X,Z)",girlCousinOf -> secondUncleOf,motherOf,71,254,0.005137110194631358,0.2795275590551181,2
"boyCousinOf(X,Y) ∧ secondAuntOf(Y,Z) → fatherOf(X,Z)",boyCousinOf -> secondAuntOf,fatherOf,87,312,0.0062947688300412415,0.27884615384615385,2
"granddaughterOf(X,Y) ∧ grandmotherOf(Y,Z) → girlCousinOf(X,Z)",granddaughterOf -> grandmotherOf,girlCousinOf,445,1598,0.03219738079733739,0.2784730913642053,2
"granddaughterOf(X,Y) ∧ grandfatherOf(Y,Z) → girlCousinOf(X,Z)",granddaughterOf -> grandfatherOf,girlCousinOf,445,1598,0.03219738079733739,0.2784730913642053,2
"boyCousinOf(X,Y) ∧ secondUncleOf(Y,Z) → fatherOf(X,Z)",boyCousinOf -> secondUncleOf,fatherOf,71,256,0.005137110194631358,0.27734375,2
"grandsonOf(X,Y) ∧ motherOf(Y,Z) → sonOf(X,Z)",grandsonOf -> motherOf,sonOf,227,820,0.016424281889877723,0.27682926829268295,2
"grandsonOf(X,Y) ∧ fatherOf(Y,Z) → sonOf(X,Z)",grandsonOf -> fatherOf,sonOf,227,820,0.016424281889877723,0.27682926829268295,2
"grandmotherOf(X,Y) ∧ greatGrandsonOf(Y,Z) → daughterOf(X,Z)",grandmotherOf -> greatGrandsonOf,daughterOf,233,854,0.016858403878156427,0.2728337236533958,2
"nephewOf(X,Y) ∧ greatAuntOf(Y,Z) → fatherOf(X,Z)",nephewOf -> greatAuntOf,fatherOf,157,585,0.011359525359959481,0.26837606837606837,2
"grandfatherOf(X,Y) ∧ greatGrandsonOf(Y,Z) → sonOf(X,Z)",grandfatherOf -> greatGrandsonOf,sonOf,229,854,0.016568989219303956,0.2681498829039813,2
"girlFirstCousinOnceRemovedOf(X,Y) ∧ secondUncleOf(Y,Z) → sisterOf(X,Z)",girlFirstCousinOnceRemovedOf -> secondUncleOf,sisterOf,49,183,0.003545329570942768,0.2677595628415301,2
"grandsonOf(X,Y) ∧ grandmotherOf(Y,Z) → boyCousinOf(X,Z)",grandsonOf -> grandmotherOf,boyCousinOf,391,1471,0.028290282902829027,0.26580557443915703,2
"grandsonOf(X,Y) ∧ grandfatherOf(Y,Z) → boyCousinOf(X,Z)",grandsonOf -> grandfatherOf,boyCousinOf,391,1471,0.028290282902829027,0.26580557443915703,2
"girlCousinOf(X,Y) ∧ secondAuntOf(Y,Z) → motherOf(X,Z)",girlCousinOf -> secondAuntOf,motherOf,79,299,0.0057159395123363,0.26421404682274247,2
"grandfatherOf(X,Y) ∧ boySecondCousinOf(Y,Z) → greatUncleOf(X,Z)",grandfatherOf -> boySecondCousinOf,greatUncleOf,22,84,0.0015917806236885898,0.2619047619047619,2
"nephewOf(X,Y) ∧ brotherOf(Y,Z) → sonOf(X,Z)",nephewOf -> brotherOf,sonOf,135,520,0.009767744736270892,0.25961538461538464,2
"nieceOf(X,Y) ∧ greatAuntOf(Y,Z) → secondAuntOf(X,Z)",nieceOf -> greatAuntOf,secondAuntOf,128,501,0.009261269083279068,0.2554890219560878,2
"boyFirstCousinOnceRemovedOf(X,Y) ∧ secondAuntOf(Y,Z) → boyCousinOf(X,Z)",boyFirstCousinOnceRemovedOf -> secondAuntOf,boyCousinOf,61,239,0.004413573547500181,0.25523012552301255,2
"boyCousinOf(X,Y) ∧ nieceOf(Y,Z) → sonOf(X,Z)",boyCousinOf -> nieceOf,sonOf,129,507,0.009333622747992185,0.25443786982248523,2
"girlCousinOf(X,Y) ∧ girlCousinOf(Y,Z) → girlCousinOf(X,Z)",girlCousinOf -> girlCousinOf,girlCousinOf,226,896,0.016351928225164604,0.25223214285714285,2
"secondAuntOf(X,Y) ∧ girlFirstCousinOnceRemovedOf(Y,Z) → girlCousinOf(X,Z)",secondAuntOf -> girlFirstCousinOnceRemovedOf,girlCousinOf,63,250,0.0045582808769264165,0.252,2
"girlCousinOf(X,Y) ∧ boyCousinOf(Y,Z) → girlCousinOf(X,Z)",girlCousinOf -> boyCousinOf,girlCousinOf,184,731,0.01331307430721366,0.25170998632010944,2
"girlCousinOf(X,Y) ∧ nephewOf(Y,Z) → daughterOf(X,Z)",girlCousinOf -> nephewOf,daughterOf,127,505,0.00918891541856595,0.2514851485148515,2
"secondAuntOf(X,Y) ∧ girlSecondCousinOf(Y,Z) → motherOf(X,Z)",secondAuntOf -> girlSecondCousinOf,motherOf,19,76,0.0013747196295492367,0.25,2
"boyCousinOf(X,Y) ∧ boyCousinOf(Y,Z) → boyCousinOf(X,Z)",boyCousinOf -> boyCousinOf,boyCousinOf,138,554,0.009984805730410246,0.2490974729241877,2
"granddaughterOf(X,Y) ∧ greatGrandmotherOf(Y,Z) → motherOf(X,Z)",granddaughterOf -> greatGrandmotherOf,motherOf,252,1024,0.018233123507705666,0.24609375,2
"granddaughterOf(X,Y) ∧ greatGrandfatherOf(Y,Z) → motherOf(X,Z)",granddaughterOf -> greatGrandfatherOf,motherOf,252,1024,0.018233123507705666,0.24609375,2
"girlFirstCousinOnceRemovedOf(X,Y) ∧ boyCousinOf(Y,Z) → daughterOf(X,Z)",girlFirstCousinOnceRemovedOf -> boyCousinOf,daughterOf,58,237,0.004196512553360828,0.24472573839662448,2
"girlCousinOf(X,Y) ∧ nieceOf(Y,Z) → daughterOf(X,Z)",girlCousinOf -> nieceOf,daughterOf,141,577,0.010201866724549598,0.24436741767764297,2
"boyCousinOf(X,Y) ∧ girlCousinOf(Y,Z) → boyCousinOf(X,Z)",boyCousinOf -> girlCousinOf,boyCousinOf,184,761,0.01331307430721366,0.24178712220762155,2
"nieceOf(X,Y) ∧ greatAuntOf(Y,Z) → motherOf(X,Z)",nieceOf -> greatAuntOf,motherOf,121,501,0.008754793430287244,0.24151696606786427,2
"nieceOf(X,Y) ∧ brotherOf(Y,Z) → daughterOf(X,Z)",nieceOf -> brotherOf,daughterOf,144,599,0.010418927718688952,0.24040066777963273,2
"nephewOf(X,Y) ∧ greatUncleOf(Y,Z) → secondUncleOf(X,Z)",nephewOf -> greatUncleOf,secondUncleOf,77,323,0.0055712321829100644,0.23839009287925697,2
"grandmotherOf(X,Y) ∧ greatGranddaughterOf(Y,Z) → daughterOf(X,Z)",grandmotherOf -> greatGranddaughterOf,daughterOf,204,856,0.014760147601476014,0.2383177570093458,2
"girlSecondCousinOf(X,Y) ∧ boyFirstCousinOnceRemovedOf(Y,Z) → daughterOf(X,Z)",girlSecondCousinOf -> boyFirstCousinOnceRemovedOf,daughterOf,29,123,0.002098256276680414,0.23577235772357724,2
"girlFirstCousinOnceRemovedOf(X,Y) ∧ girlCousinOf(Y,Z) → girlFirstCousinOnceRemovedOf(X,Z)",girlFirstCousinOnceRemovedOf -> girlCousinOf,girlFirstCousinOnceRemovedOf,63,271,0.0045582808769264165,0.23247232472324722,2
"girlFirstCousinOnceRemovedOf(X,Y) ∧ secondAuntOf(Y,Z) → sisterOf(X,Z)",girlFirstCousinOnceRemovedOf -> secondAuntOf,sisterOf,49,212,0.003545329570942768,0.23113207547169812,2
"girlFirstCousinOnceRemovedOf(X,Y) ∧ secondUncleOf(Y,Z) → girlCousinOf(X,Z)",girlFirstCousinOnceRemovedOf -> secondUncleOf,girlCousinOf,42,183,0.003038853917950944,0.22950819672131148,2
"girlSecondCousinOf(X,Y) ∧ girlSecondCousinOf(Y,Z) → girlCousinOf(X,Z)",girlSecondCousinOf -> girlSecondCousinOf,girlCousinOf,11,49,0.0007958903118442949,0.22448979591836735,2
"secondAuntOf(X,Y) ∧ girlSecondCousinOf(Y,Z) → secondAuntOf(X,Z)",secondAuntOf -> girlSecondCousinOf,secondAuntOf,17,76,0.0012300123001230013,0.2236842105263158,2
"girlSecondCousinOf(X,Y) ∧ girlFirstCousinOnceRemovedOf(Y,Z) → daughterOf(X,Z)",girlSecondCousinOf -> girlFirstCousinOnceRemovedOf,daughterOf,14,65,0.0010129513059836481,0.2153846153846154,2
"boySecondCousinOf(X,Y) ∧ girlFirstCousinOnceRemovedOf(Y,Z) → sonOf(X,Z)",boySecondCousinOf -> girlFirstCousinOnceRemovedOf,sonOf,27,126,0.0019535489472541786,0.21428571428571427,2
"girlFirstCousinOnceRemovedOf(X,Y) ∧ girlCousinOf(Y,Z) → daughterOf(X,Z)",girlFirstCousinOnceRemovedOf -> girlCousinOf,daughterOf,55,271,0.003979451559221475,0.2029520295202952,2
"greatGranddaughterOf(X,Y) ∧ grandmotherOf(Y,Z) → daughterOf(X,Z)",greatGranddaughterOf -> grandmotherOf,daughterOf,200,988,0.014470732942623543,0.20242914979757085,2
"greatGranddaughterOf(X,Y) ∧ grandfatherOf(Y,Z) → daughterOf(X,Z)",greatGranddaughterOf -> grandfatherOf,daughterOf,200,988,0.014470732942623543,0.20242914979757085,2
"nieceOf(X,Y) ∧ greatUncleOf(Y,Z) → secondAuntOf(X,Z)",nieceOf -> greatUncleOf,secondAuntOf,77,381,0.0055712321829100644,0.2020997375328084,2
"secondUncleOf(X,Y) ∧ boyFirstCousinOnceRemovedOf(Y,Z) → boyCousinOf(X,Z)",secondUncleOf -> boyFirstCousinOnceRemovedOf,boyCousinOf,49,243,0.003545329570942768,0.20164609053497942,2
"secondUncleOf(X,Y) ∧ girlFirstCousinOnceRemovedOf(Y,Z) → boyCousinOf(X,Z)",secondUncleOf -> girlFirstCousinOnceRemovedOf,boyCousinOf,47,237,0.0034006222415165327,0.19831223628691982,2
"girlFirstCousinOnceRemovedOf(X,Y) ∧ boyCousinOf(Y,Z) → girlFirstCousinOnceRemovedOf(X,Z)",girlFirstCousinOnceRemovedOf -> boyCousinOf,girlFirstCousinOnceRemovedOf,47,237,0.0034006222415165327,0.19831223628691982,2
"girlSecondCousinOf(X,Y) ∧ boySecondCousinOf(Y,Z) → girlCousinOf(X,Z)",girlSecondCousinOf -> boySecondCousinOf,girlCousinOf,18,91,0.001302365964836119,0.1978021978021978,2
"greatGrandsonOf(X,Y) ∧ grandmotherOf(Y,Z) → sonOf(X,Z)",greatGrandsonOf -> grandmotherOf,sonOf,203,1033,0.014687793936762897,0.19651500484027107,2
"greatGrandsonOf(X,Y) ∧ grandfatherOf(Y,Z) → sonOf(X,Z)",greatGrandsonOf -> grandfatherOf,sonOf,203,1033,0.014687793936762897,0.19651500484027107,2
"girlCousinOf(X,Y) ∧ secondUncleOf(Y,Z) → secondAuntOf(X,Z)",girlCousinOf -> secondUncleOf,secondAuntOf,48,254,0.0034729759062296505,0.1889763779527559,2
"boyCousinOf(X,Y) ∧ secondUncleOf(Y,Z) → secondUncleOf(X,Z)",boyCousinOf -> secondUncleOf,secondUncleOf,48,256,0.0034729759062296505,0.1875,2
"boyFirstCousinOnceRemovedOf(X,Y) ∧ secondUncleOf(Y,Z) → boyCousinOf(X,Z)",boyFirstCousinOnceRemovedOf -> secondUncleOf,boyCousinOf,36,193,0.002604731929672238,0.18652849740932642,2
"secondUncleOf(X,Y) ∧ boySecondCousinOf(Y,Z) → secondUncleOf(X,Z)",secondUncleOf -> boySecondCousinOf,secondUncleOf,18,97,0.001302365964836119,0.18556701030927836,2
"girlSecondCousinOf(X,Y) ∧ girlFirstCousinOnceRemovedOf(Y,Z) → girlFirstCousinOnceRemovedOf(X,Z)",girlSecondCousinOf -> girlFirstCousinOnceRemovedOf,girlFirstCousinOnceRemovedOf,12,65,0.0008682439765574126,0.18461538461538463,2
"boyFirstCousinOnceRemovedOf(X,Y) ∧ boyCousinOf(Y,Z) → boyFirstCousinOnceRemovedOf(X,Z)",boyFirstCousinOnceRemovedOf -> boyCousinOf,boyFirstCousinOnceRemovedOf,49,273,0.003545329570942768,0.1794871794871795,2
"boySecondCousinOf(X,Y) ∧ boyFirstCousinOnceRemovedOf(Y,Z) → sonOf(X,Z)",boySecondCousinOf -> boyFirstCousinOnceRemovedOf,sonOf,15,84,0.0010853049706967658,0.17857142857142858,2
"greatGrandsonOf(X,Y) ∧ grandmotherOf(Y,Z) → boyFirstCousinOnceRemovedOf(X,Z)",greatGrandsonOf -> grandmotherOf,boyFirstCousinOnceRemovedOf,180,1033,0.01302365964836119,0.17424975798644723,2
"greatGrandsonOf(X,Y) ∧ grandfatherOf(Y,Z) → boyFirstCousinOnceRemovedOf(X,Z)",greatGrandsonOf -> grandfatherOf,boyFirstCousinOnceRemovedOf,180,1033,0.01302365964836119,0.17424975798644723,2
"girlCousinOf(X,Y) ∧ secondAuntOf(Y,Z) → secondAuntOf(X,Z)",girlCousinOf -> secondAuntOf,secondAuntOf,52,299,0.0037623905650821213,0.17391304347826086,2
"granddaughterOf(X,Y) ∧ greatGrandmotherOf(Y,Z) → secondAuntOf(X,Z)",granddaughterOf -> greatGrandmotherOf,secondAuntOf,175,1024,0.012661891324795602,0.1708984375,2
"granddaughterOf(X,Y) ∧ greatGrandfatherOf(Y,Z) → secondAuntOf(X,Z)",granddaughterOf -> greatGrandfatherOf,secondAuntOf,175,1024,0.012661891324795602,0.1708984375,2
"girlSecondCousinOf(X,Y) ∧ boyFirstCousinOnceRemovedOf(Y,Z) → girlFirstCousinOnceRemovedOf(X,Z)",girlSecondCousinOf -> boyFirstCousinOnceRemovedOf,girlFirstCousinOnceRemovedOf,21,123,0.001519426958975472,0.17073170731707318,2
"nephewOf(X,Y) ∧ greatAuntOf(Y,Z) → secondUncleOf(X,Z)",nephewOf -> greatAuntOf,secondUncleOf,99,585,0.007163012806598654,0.16923076923076924,2
"boySecondCousinOf(X,Y) ∧ girlFirstCousinOnceRemovedOf(Y,Z) → boyFirstCousinOnceRemovedOf(X,Z)",boySecondCousinOf -> girlFirstCousinOnceRemovedOf,boyFirstCousinOnceRemovedOf,21,126,0.001519426958975472,0.16666666666666666,2
"grandsonOf(X,Y) ∧ greatGrandmotherOf(Y,Z) → secondUncleOf(X,Z)",grandsonOf -> greatGrandmotherOf,secondUncleOf,158,997,0.0114318790246726,0.1584754262788365,2
"grandsonOf(X,Y) ∧ greatGrandfatherOf(Y,Z) → secondUncleOf(X,Z)",grandsonOf -> greatGrandfatherOf,secondUncleOf,158,997,0.0114318790246726,0.1584754262788365,2
"boySecondCousinOf(X,Y) ∧ girlSecondCousinOf(Y,Z) → boyCousinOf(X,Z)",boySecondCousinOf -> girlSecondCousinOf,boyCousinOf,15,95,0.0010853049706967658,0.15789473684210525,2
"greatGranddaughterOf(X,Y) ∧ grandmotherOf(Y,Z) → girlFirstCousinOnceRemovedOf(X,Z)",greatGranddaughterOf -> grandmotherOf,girlFirstCousinOnceRemovedOf,153,988,0.01107011070110701,0.1548582995951417,2
"greatGranddaughterOf(X,Y) ∧ grandfatherOf(Y,Z) → girlFirstCousinOnceRemovedOf(X,Z)",greatGranddaughterOf -> grandfatherOf,girlFirstCousinOnceRemovedOf,153,988,0.01107011070110701,0.1548582995951417,2
"boyCousinOf(X,Y) ∧ secondAuntOf(Y,Z) → secondUncleOf(X,Z)",boyCousinOf -> secondAuntOf,secondUncleOf,48,312,0.0034729759062296505,0.15384615384615385,2
"boyFirstCousinOnceRemovedOf(X,Y) ∧ girlCousinOf(Y,Z) → sonOf(X,Z)",boyFirstCousinOnceRemovedOf -> girlCousinOf,sonOf,52,340,0.0037623905650821213,0.15294117647058825,2
"boyFirstCousinOnceRemovedOf(X,Y) ∧ boyCousinOf(Y,Z) → sonOf(X,Z)",boyFirstCousinOnceRemovedOf -> boyCousinOf,sonOf,38,273,0.0027494392590984734,0.1391941391941392,2
"secondUncleOf(X,Y) ∧ girlSecondCousinOf(Y,Z) → secondUncleOf(X,Z)",secondUncleOf -> girlSecondCousinOf,secondUncleOf,16,115,0.0011576586354098836,0.1391304347826087,2
"secondAuntOf(X,Y) ∧ boyFirstCousinOnceRemovedOf(Y,Z) → girlCousinOf(X,Z)",secondAuntOf -> boyFirstCousinOnceRemovedOf,girlCousinOf,37,287,0.0026770855943853557,0.1289198606271777,2
"grandmotherOf(X,Y) ∧ girlSecondCousinOf(Y,Z) → greatAuntOf(X,Z)",grandmotherOf -> girlSecondCousinOf,greatAuntOf,9,70,0.0006511829824180595,0.12857142857142856,2
"boyFirstCousinOnceRemovedOf(X,Y) ∧ girlCousinOf(Y,Z) → boyFirstCousinOnceRemovedOf(X,Z)",boyFirstCousinOnceRemovedOf -> girlCousinOf,boyFirstCousinOnceRemovedOf,37,340,0.0026770855943853557,0.10882352941176471,2
"secondAuntOf(X,Y) ∧ boySecondCousinOf(Y,Z) → secondAuntOf(X,Z)",secondAuntOf -> boySecondCousinOf,secondAuntOf,11,110,0.0007958903118442949,0.1,2
