Rule,Pattern,Rel_B_to_A,Rel_B_to_C,Rel_A_to_C,Count,Body_Count,Support,Confidence
"brotherOf(B,A) ∧ brotherOf(B,C) → sisterOf(A,C)",A←[brotherOf]B→[brotherOf]C ⇒ A→[sisterOf]C,brotherOf,brotherOf,sisterOf,482,431,0.03487446639172274,1.1183294663573087
"nephewOf(B,A) ∧ nephewOf(B,C) → sisterOf(A,C)",A←[nephewOf]B→[nephewOf]C ⇒ A→[sisterOf]C,nephewOf,nephewOf,sisterOf,440,403,0.0318356124737718,1.0918114143920596
"sisterOf(B,A) ∧ sisterOf(B,C) → sisterOf(A,C)",A←[sisterOf]B→[sisterOf]C ⇒ A→[sisterOf]C,sisterOf,sisterOf,sisterOf,540,511,0.039070978945083566,1.0567514677103718
"motherOf(B,A) ∧ motherOf(B,C) → brotherOf(A,C)",A←[motherOf]B→[motherOf]C ⇒ A→[brotherOf]C,motherOf,motherOf,brotherOf,454,440,0.032848563779755445,1.0318181818181817
"fatherOf(B,A) ∧ fatherOf(B,C) → brotherOf(A,C)",A←[fatherOf]B→[fatherOf]C ⇒ A→[brotherOf]C,fatherOf,fatherOf,brotherOf,454,440,0.032848563779755445,1.0318181818181817
"motherOf(B,A) ∧ motherOf(B,C) → sisterOf(A,C)",A←[motherOf]B→[motherOf]C ⇒ A→[sisterOf]C,motherOf,motherOf,sisterOf,426,440,0.03082266116778815,0.9681818181818181
"fatherOf(B,A) ∧ fatherOf(B,C) → sisterOf(A,C)",A←[fatherOf]B→[fatherOf]C ⇒ A→[sisterOf]C,fatherOf,fatherOf,sisterOf,426,440,0.03082266116778815,0.9681818181818181
"sisterOf(B,A) ∧ sisterOf(B,C) → brotherOf(A,C)",A←[sisterOf]B→[sisterOf]C ⇒ A→[brotherOf]C,sisterOf,sisterOf,brotherOf,482,511,0.03487446639172274,0.9432485322896281
"nieceOf(B,A) ∧ nieceOf(B,C) → sisterOf(A,C)",A←[nieceOf]B→[nieceOf]C ⇒ A→[sisterOf]C,nieceOf,nieceOf,sisterOf,393,425,0.028434990232255264,0.9247058823529412
"brotherOf(B,A) ∧ brotherOf(B,C) → brotherOf(A,C)",A←[brotherOf]B→[brotherOf]C ⇒ A→[brotherOf]C,brotherOf,brotherOf,brotherOf,380,431,0.027494392590984733,0.8816705336426914
"boyFirstCousinOnceRemovedOf(B,A) ∧ boyFirstCousinOnceRemovedOf(B,C) → sisterOf(A,C)",A←[boyFirstCousinOnceRemovedOf]B→[boyFirstCousinOnceRemovedOf]C ⇒ A→[sisterOf]C,boyFirstCousinOnceRemovedOf,boyFirstCousinOnceRemovedOf,sisterOf,152,175,0.010997757036393893,0.8685714285714285
"nieceOf(B,A) ∧ nieceOf(B,C) → brotherOf(A,C)",A←[nieceOf]B→[nieceOf]C ⇒ A→[brotherOf]C,nieceOf,nieceOf,brotherOf,361,425,0.026119672961435497,0.8494117647058823
"girlSecondCousinOf(B,A) ∧ girlSecondCousinOf(B,C) → brotherOf(A,C)",A←[girlSecondCousinOf]B→[girlSecondCousinOf]C ⇒ A→[brotherOf]C,girlSecondCousinOf,girlSecondCousinOf,brotherOf,34,41,0.0024600246002460025,0.8292682926829268
"nephewOf(B,A) ∧ nephewOf(B,C) → brotherOf(A,C)",A←[nephewOf]B→[nephewOf]C ⇒ A→[brotherOf]C,nephewOf,nephewOf,brotherOf,304,403,0.021995514072787787,0.7543424317617866
"boyCousinOf(B,A) ∧ boyCousinOf(B,C) → sisterOf(A,C)",A←[boyCousinOf]B→[boyCousinOf]C ⇒ A→[sisterOf]C,boyCousinOf,boyCousinOf,sisterOf,337,447,0.024383185008320672,0.7539149888143176
"girlCousinOf(B,A) ∧ girlCousinOf(B,C) → sisterOf(A,C)",A←[girlCousinOf]B→[girlCousinOf]C ⇒ A→[sisterOf]C,girlCousinOf,girlCousinOf,sisterOf,432,606,0.03125678315606686,0.7128712871287128
"girlFirstCousinOnceRemovedOf(B,A) ∧ girlFirstCousinOnceRemovedOf(B,C) → brotherOf(A,C)",A←[girlFirstCousinOnceRemovedOf]B→[girlFirstCousinOnceRemovedOf]C ⇒ A→[brotherOf]C,girlFirstCousinOnceRemovedOf,girlFirstCousinOnceRemovedOf,brotherOf,114,167,0.00824831777729542,0.6826347305389222
"grandmotherOf(B,A) ∧ auntOf(B,C) → boyFirstCousinOnceRemovedOf(A,C)",A←[grandmotherOf]B→[auntOf]C ⇒ A→[boyFirstCousinOnceRemovedOf]C,grandmotherOf,auntOf,boyFirstCousinOnceRemovedOf,114,169,0.00824831777729542,0.6745562130177515
"girlSecondCousinOf(B,A) ∧ nieceOf(B,C) → boyFirstCousinOnceRemovedOf(A,C)",A←[girlSecondCousinOf]B→[nieceOf]C ⇒ A→[boyFirstCousinOnceRemovedOf]C,girlSecondCousinOf,nieceOf,boyFirstCousinOnceRemovedOf,62,93,0.004485927212213299,0.6666666666666666
"grandmotherOf(B,A) ∧ grandmotherOf(B,C) → sisterOf(A,C)",A←[grandmotherOf]B→[grandmotherOf]C ⇒ A→[sisterOf]C,grandmotherOf,grandmotherOf,sisterOf,747,1128,0.054048187540698935,0.6622340425531915
"grandfatherOf(B,A) ∧ grandfatherOf(B,C) → sisterOf(A,C)",A←[grandfatherOf]B→[grandfatherOf]C ⇒ A→[sisterOf]C,grandfatherOf,grandfatherOf,sisterOf,747,1128,0.054048187540698935,0.6622340425531915
"girlFirstCousinOnceRemovedOf(B,A) ∧ girlFirstCousinOnceRemovedOf(B,C) → sisterOf(A,C)",A←[girlFirstCousinOnceRemovedOf]B→[girlFirstCousinOnceRemovedOf]C ⇒ A→[sisterOf]C,girlFirstCousinOnceRemovedOf,girlFirstCousinOnceRemovedOf,sisterOf,110,167,0.00795890311844295,0.6586826347305389
"boySecondCousinOf(B,A) ∧ boySecondCousinOf(B,C) → brotherOf(A,C)",A←[boySecondCousinOf]B→[boySecondCousinOf]C ⇒ A→[brotherOf]C,boySecondCousinOf,boySecondCousinOf,brotherOf,29,45,0.002098256276680414,0.6444444444444445
"greatUncleOf(B,A) ∧ fatherOf(B,C) → boyFirstCousinOnceRemovedOf(A,C)",A←[greatUncleOf]B→[fatherOf]C ⇒ A→[boyFirstCousinOnceRemovedOf]C,greatUncleOf,fatherOf,boyFirstCousinOnceRemovedOf,90,140,0.006511829824180595,0.6428571428571429
"daughterOf(B,A) ∧ motherOf(B,C) → grandfatherOf(A,C)",A←[daughterOf]B→[motherOf]C ⇒ A→[grandfatherOf]C,daughterOf,motherOf,grandfatherOf,319,497,0.02308081904348455,0.641851106639839
"boyFirstCousinOnceRemovedOf(B,A) ∧ boyFirstCousinOnceRemovedOf(B,C) → brotherOf(A,C)",A←[boyFirstCousinOnceRemovedOf]B→[boyFirstCousinOnceRemovedOf]C ⇒ A→[brotherOf]C,boyFirstCousinOnceRemovedOf,boyFirstCousinOnceRemovedOf,brotherOf,112,175,0.008103610447869185,0.64
"uncleOf(B,A) ∧ uncleOf(B,C) → sisterOf(A,C)",A←[uncleOf]B→[uncleOf]C ⇒ A→[sisterOf]C,uncleOf,uncleOf,sisterOf,337,530,0.024383185008320672,0.6358490566037736
"brotherOf(B,A) ∧ boyFirstCousinOnceRemovedOf(B,C) → boyFirstCousinOnceRemovedOf(A,C)",A←[brotherOf]B→[boyFirstCousinOnceRemovedOf]C ⇒ A→[boyFirstCousinOnceRemovedOf]C,brotherOf,boyFirstCousinOnceRemovedOf,boyFirstCousinOnceRemovedOf,80,126,0.005788293177049418,0.6349206349206349
"daughterOf(B,A) ∧ grandmotherOf(B,C) → greatGrandfatherOf(A,C)",A←[daughterOf]B→[grandmotherOf]C ⇒ A→[greatGrandfatherOf]C,daughterOf,grandmotherOf,greatGrandfatherOf,277,437,0.02004196512553361,0.6338672768878718
"sonOf(B,A) ∧ grandfatherOf(B,C) → greatGrandfatherOf(A,C)",A←[sonOf]B→[grandfatherOf]C ⇒ A→[greatGrandfatherOf]C,sonOf,grandfatherOf,greatGrandfatherOf,304,487,0.021995514072787787,0.6242299794661191
"secondAuntOf(B,A) ∧ auntOf(B,C) → boySecondCousinOf(A,C)",A←[secondAuntOf]B→[auntOf]C ⇒ A→[boySecondCousinOf]C,secondAuntOf,auntOf,boySecondCousinOf,64,103,0.004630634541639534,0.6213592233009708
"girlCousinOf(B,A) ∧ girlSecondCousinOf(B,C) → girlSecondCousinOf(A,C)",A←[girlCousinOf]B→[girlSecondCousinOf]C ⇒ A→[girlSecondCousinOf]C,girlCousinOf,girlSecondCousinOf,girlSecondCousinOf,18,29,0.001302365964836119,0.6206896551724138
"secondAuntOf(B,A) ∧ motherOf(B,C) → boySecondCousinOf(A,C)",A←[secondAuntOf]B→[motherOf]C ⇒ A→[boySecondCousinOf]C,secondAuntOf,motherOf,boySecondCousinOf,31,50,0.0022429636061066494,0.62
"sonOf(B,A) ∧ fatherOf(B,C) → grandfatherOf(A,C)",A←[sonOf]B→[fatherOf]C ⇒ A→[grandfatherOf]C,sonOf,fatherOf,grandfatherOf,328,532,0.023732002025902612,0.6165413533834586
"boyCousinOf(B,A) ∧ brotherOf(B,C) → girlCousinOf(A,C)",A←[boyCousinOf]B→[brotherOf]C ⇒ A→[girlCousinOf]C,boyCousinOf,brotherOf,girlCousinOf,362,593,0.026192026626148616,0.6104553119730185
"nephewOf(B,A) ∧ fatherOf(B,C) → greatAuntOf(A,C)",A←[nephewOf]B→[fatherOf]C ⇒ A→[greatAuntOf]C,nephewOf,fatherOf,greatAuntOf,157,258,0.011359525359959481,0.6085271317829457
"brotherOf(B,A) ∧ grandfatherOf(B,C) → greatAuntOf(A,C)",A←[brotherOf]B→[grandfatherOf]C ⇒ A→[greatAuntOf]C,brotherOf,grandfatherOf,greatAuntOf,200,333,0.014470732942623543,0.6006006006006006
"greatUncleOf(B,A) ∧ grandfatherOf(B,C) → boySecondCousinOf(A,C)",A←[greatUncleOf]B→[grandfatherOf]C ⇒ A→[boySecondCousinOf]C,greatUncleOf,grandfatherOf,boySecondCousinOf,45,75,0.0032559149120902973,0.6
"boySecondCousinOf(B,A) ∧ boySecondCousinOf(B,C) → sisterOf(A,C)",A←[boySecondCousinOf]B→[boySecondCousinOf]C ⇒ A→[sisterOf]C,boySecondCousinOf,boySecondCousinOf,sisterOf,27,45,0.0019535489472541786,0.6
"girlCousinOf(B,A) ∧ girlCousinOf(B,C) → brotherOf(A,C)",A←[girlCousinOf]B→[girlCousinOf]C ⇒ A→[brotherOf]C,girlCousinOf,girlCousinOf,brotherOf,362,606,0.026192026626148616,0.5973597359735974
"grandmotherOf(B,A) ∧ grandmotherOf(B,C) → brotherOf(A,C)",A←[grandmotherOf]B→[grandmotherOf]C ⇒ A→[brotherOf]C,grandmotherOf,grandmotherOf,brotherOf,673,1128,0.04869401635192822,0.5966312056737588
"grandfatherOf(B,A) ∧ grandfatherOf(B,C) → brotherOf(A,C)",A←[grandfatherOf]B→[grandfatherOf]C ⇒ A→[brotherOf]C,grandfatherOf,grandfatherOf,brotherOf,673,1128,0.04869401635192822,0.5966312056737588
"daughterOf(B,A) ∧ auntOf(B,C) → grandfatherOf(A,C)",A←[daughterOf]B→[auntOf]C ⇒ A→[grandfatherOf]C,daughterOf,auntOf,grandfatherOf,511,861,0.03697272266840315,0.5934959349593496
"brotherOf(B,A) ∧ fatherOf(B,C) → auntOf(A,C)",A←[brotherOf]B→[fatherOf]C ⇒ A→[auntOf]C,brotherOf,fatherOf,auntOf,253,431,0.018305477172418785,0.5870069605568445
"greatAuntOf(B,A) ∧ grandmotherOf(B,C) → girlSecondCousinOf(A,C)",A←[greatAuntOf]B→[grandmotherOf]C ⇒ A→[girlSecondCousinOf]C,greatAuntOf,grandmotherOf,girlSecondCousinOf,32,55,0.002315317270819767,0.5818181818181818
"auntOf(B,A) ∧ auntOf(B,C) → brotherOf(A,C)",A←[auntOf]B→[auntOf]C ⇒ A→[brotherOf]C,auntOf,auntOf,brotherOf,444,766,0.032125027132624266,0.5796344647519582
"auntOf(B,A) ∧ auntOf(B,C) → sisterOf(A,C)",A←[auntOf]B→[auntOf]C ⇒ A→[sisterOf]C,auntOf,auntOf,sisterOf,442,766,0.03198031980319803,0.577023498694517
"girlCousinOf(B,A) ∧ girlFirstCousinOnceRemovedOf(B,C) → girlFirstCousinOnceRemovedOf(A,C)",A←[girlCousinOf]B→[girlFirstCousinOnceRemovedOf]C ⇒ A→[girlFirstCousinOnceRemovedOf]C,girlCousinOf,girlFirstCousinOnceRemovedOf,girlFirstCousinOnceRemovedOf,64,111,0.004630634541639534,0.5765765765765766
"boySecondCousinOf(B,A) ∧ nephewOf(B,C) → girlFirstCousinOnceRemovedOf(A,C)",A←[boySecondCousinOf]B→[nephewOf]C ⇒ A→[girlFirstCousinOnceRemovedOf]C,boySecondCousinOf,nephewOf,girlFirstCousinOnceRemovedOf,65,113,0.004702988206352652,0.5752212389380531
"boyFirstCousinOnceRemovedOf(B,A) ∧ nephewOf(B,C) → girlCousinOf(A,C)",A←[boyFirstCousinOnceRemovedOf]B→[nephewOf]C ⇒ A→[girlCousinOf]C,boyFirstCousinOnceRemovedOf,nephewOf,girlCousinOf,201,351,0.014543086607336662,0.5726495726495726
"uncleOf(B,A) ∧ fatherOf(B,C) → girlCousinOf(A,C)",A←[uncleOf]B→[fatherOf]C ⇒ A→[girlCousinOf]C,uncleOf,fatherOf,girlCousinOf,180,316,0.01302365964836119,0.569620253164557
"nieceOf(B,A) ∧ auntOf(B,C) → greatAuntOf(A,C)",A←[nieceOf]B→[auntOf]C ⇒ A→[greatAuntOf]C,nieceOf,auntOf,greatAuntOf,234,413,0.016930757542869546,0.5665859564164649
"motherOf(B,A) ∧ auntOf(B,C) → girlCousinOf(A,C)",A←[motherOf]B→[auntOf]C ⇒ A→[girlCousinOf]C,motherOf,auntOf,girlCousinOf,238,424,0.017220172201722016,0.5613207547169812
"greatUncleOf(B,A) ∧ greatUncleOf(B,C) → sisterOf(A,C)",A←[greatUncleOf]B→[greatUncleOf]C ⇒ A→[sisterOf]C,greatUncleOf,greatUncleOf,sisterOf,152,272,0.010997757036393893,0.5588235294117647
"secondUncleOf(B,A) ∧ fatherOf(B,C) → girlSecondCousinOf(A,C)",A←[secondUncleOf]B→[fatherOf]C ⇒ A→[girlSecondCousinOf]C,secondUncleOf,fatherOf,girlSecondCousinOf,38,68,0.0027494392590984734,0.5588235294117647
"girlCousinOf(B,A) ∧ auntOf(B,C) → secondAuntOf(A,C)",A←[girlCousinOf]B→[auntOf]C ⇒ A→[secondAuntOf]C,girlCousinOf,auntOf,secondAuntOf,162,291,0.01172129368352507,0.5567010309278351
"sisterOf(B,A) ∧ girlCousinOf(B,C) → girlCousinOf(A,C)",A←[sisterOf]B→[girlCousinOf]C ⇒ A→[girlCousinOf]C,sisterOf,girlCousinOf,girlCousinOf,426,769,0.03082266116778815,0.5539661898569571
"boyCousinOf(B,A) ∧ fatherOf(B,C) → secondAuntOf(A,C)",A←[boyCousinOf]B→[fatherOf]C ⇒ A→[secondAuntOf]C,boyCousinOf,fatherOf,secondAuntOf,87,158,0.0062947688300412415,0.5506329113924051
"sisterOf(B,A) ∧ secondAuntOf(B,C) → secondUncleOf(A,C)",A←[sisterOf]B→[secondAuntOf]C ⇒ A→[secondUncleOf]C,sisterOf,secondAuntOf,secondUncleOf,144,262,0.010418927718688952,0.549618320610687
"brotherOf(B,A) ∧ sonOf(B,C) → daughterOf(A,C)",A←[brotherOf]B→[sonOf]C ⇒ A→[daughterOf]C,brotherOf,sonOf,daughterOf,453,825,0.03277621011504233,0.5490909090909091
"greatUncleOf(B,A) ∧ greatUncleOf(B,C) → brotherOf(A,C)",A←[greatUncleOf]B→[greatUncleOf]C ⇒ A→[brotherOf]C,greatUncleOf,greatUncleOf,brotherOf,148,272,0.010708342377541423,0.5441176470588235
"brotherOf(B,A) ∧ nephewOf(B,C) → nieceOf(A,C)",A←[brotherOf]B→[nephewOf]C ⇒ A→[nieceOf]C,brotherOf,nephewOf,nieceOf,381,703,0.02756674625569785,0.5419630156472262
"boySecondCousinOf(B,A) ∧ brotherOf(B,C) → girlSecondCousinOf(A,C)",A←[boySecondCousinOf]B→[brotherOf]C ⇒ A→[girlSecondCousinOf]C,boySecondCousinOf,brotherOf,girlSecondCousinOf,34,63,0.0024600246002460025,0.5396825396825397
"greatAuntOf(B,A) ∧ motherOf(B,C) → girlFirstCousinOnceRemovedOf(A,C)",A←[greatAuntOf]B→[motherOf]C ⇒ A→[girlFirstCousinOnceRemovedOf]C,greatAuntOf,motherOf,girlFirstCousinOnceRemovedOf,86,160,0.006222415165328124,0.5375
"boyCousinOf(B,A) ∧ greatGrandsonOf(B,C) → greatGranddaughterOf(A,C)",A←[boyCousinOf]B→[greatGrandsonOf]C ⇒ A→[greatGranddaughterOf]C,boyCousinOf,greatGrandsonOf,greatGranddaughterOf,448,834,0.03241444179147674,0.5371702637889688
"sisterOf(B,A) ∧ girlSecondCousinOf(B,C) → girlSecondCousinOf(A,C)",A←[sisterOf]B→[girlSecondCousinOf]C ⇒ A→[girlSecondCousinOf]C,sisterOf,girlSecondCousinOf,girlSecondCousinOf,22,41,0.0015917806236885898,0.5365853658536586
"brotherOf(B,A) ∧ grandsonOf(B,C) → granddaughterOf(A,C)",A←[brotherOf]B→[grandsonOf]C ⇒ A→[granddaughterOf]C,brotherOf,grandsonOf,granddaughterOf,722,1346,0.052239345922870994,0.5364041604754829
"uncleOf(B,A) ∧ grandsonOf(B,C) → greatGranddaughterOf(A,C)",A←[uncleOf]B→[grandsonOf]C ⇒ A→[greatGranddaughterOf]C,uncleOf,grandsonOf,greatGranddaughterOf,544,1018,0.03936039360393604,0.5343811394891945
"sisterOf(B,A) ∧ greatGranddaughterOf(B,C) → greatGranddaughterOf(A,C)",A←[sisterOf]B→[greatGranddaughterOf]C ⇒ A→[greatGranddaughterOf]C,sisterOf,greatGranddaughterOf,greatGranddaughterOf,516,966,0.03733449099196874,0.5341614906832298
"sisterOf(B,A) ∧ daughterOf(B,C) → daughterOf(A,C)",A←[sisterOf]B→[daughterOf]C ⇒ A→[daughterOf]C,sisterOf,daughterOf,daughterOf,518,971,0.03747919832139498,0.533470648815654
"girlSecondCousinOf(B,A) ∧ greatGranddaughterOf(B,C) → greatGrandsonOf(A,C)",A←[girlSecondCousinOf]B→[greatGranddaughterOf]C ⇒ A→[greatGrandsonOf]C,girlSecondCousinOf,greatGranddaughterOf,greatGrandsonOf,80,150,0.005788293177049418,0.5333333333333333
"sisterOf(B,A) ∧ girlFirstCousinOnceRemovedOf(B,C) → girlFirstCousinOnceRemovedOf(A,C)",A←[sisterOf]B→[girlFirstCousinOnceRemovedOf]C ⇒ A→[girlFirstCousinOnceRemovedOf]C,sisterOf,girlFirstCousinOnceRemovedOf,girlFirstCousinOnceRemovedOf,52,98,0.0037623905650821213,0.5306122448979592
"uncleOf(B,A) ∧ boyCousinOf(B,C) → boyFirstCousinOnceRemovedOf(A,C)",A←[uncleOf]B→[boyCousinOf]C ⇒ A→[boyFirstCousinOnceRemovedOf]C,uncleOf,boyCousinOf,boyFirstCousinOnceRemovedOf,156,295,0.011287171695246364,0.5288135593220339
"girlCousinOf(B,A) ∧ motherOf(B,C) → secondAuntOf(A,C)",A←[girlCousinOf]B→[motherOf]C ⇒ A→[secondAuntOf]C,girlCousinOf,motherOf,secondAuntOf,79,150,0.0057159395123363,0.5266666666666666
"girlFirstCousinOnceRemovedOf(B,A) ∧ nieceOf(B,C) → girlCousinOf(A,C)",A←[girlFirstCousinOnceRemovedOf]B→[nieceOf]C ⇒ A→[girlCousinOf]C,girlFirstCousinOnceRemovedOf,nieceOf,girlCousinOf,131,249,0.00947833007741842,0.5261044176706827
"uncleOf(B,A) ∧ grandfatherOf(B,C) → secondAuntOf(A,C)",A←[uncleOf]B→[grandfatherOf]C ⇒ A→[secondAuntOf]C,uncleOf,grandfatherOf,secondAuntOf,86,164,0.006222415165328124,0.524390243902439
"boyCousinOf(B,A) ∧ boySecondCousinOf(B,C) → girlSecondCousinOf(A,C)",A←[boyCousinOf]B→[boySecondCousinOf]C ⇒ A→[girlSecondCousinOf]C,boyCousinOf,boySecondCousinOf,girlSecondCousinOf,11,21,0.0007958903118442949,0.5238095238095238
"uncleOf(B,A) ∧ sonOf(B,C) → granddaughterOf(A,C)",A←[uncleOf]B→[sonOf]C ⇒ A→[granddaughterOf]C,uncleOf,sonOf,granddaughterOf,340,650,0.024600246002460024,0.5230769230769231
"secondUncleOf(B,A) ∧ secondUncleOf(B,C) → brotherOf(A,C)",A←[secondUncleOf]B→[secondUncleOf]C ⇒ A→[brotherOf]C,secondUncleOf,secondUncleOf,brotherOf,57,109,0.00412415888864771,0.5229357798165137
"nieceOf(B,A) ∧ motherOf(B,C) → greatAuntOf(A,C)",A←[nieceOf]B→[motherOf]C ⇒ A→[greatAuntOf]C,nieceOf,motherOf,greatAuntOf,121,233,0.008754793430287244,0.51931330472103
"sisterOf(B,A) ∧ grandmotherOf(B,C) → greatAuntOf(A,C)",A←[sisterOf]B→[grandmotherOf]C ⇒ A→[greatAuntOf]C,sisterOf,grandmotherOf,greatAuntOf,112,216,0.008103610447869185,0.5185185185185185
"boyCousinOf(B,A) ∧ boyCousinOf(B,C) → brotherOf(A,C)",A←[boyCousinOf]B→[boyCousinOf]C ⇒ A→[brotherOf]C,boyCousinOf,boyCousinOf,brotherOf,231,447,0.016713696548730193,0.5167785234899329
"sisterOf(B,A) ∧ granddaughterOf(B,C) → granddaughterOf(A,C)",A←[sisterOf]B→[granddaughterOf]C ⇒ A→[granddaughterOf]C,sisterOf,granddaughterOf,granddaughterOf,772,1494,0.05585702915852688,0.5167336010709505
"boyCousinOf(B,A) ∧ boyFirstCousinOnceRemovedOf(B,C) → boyFirstCousinOnceRemovedOf(A,C)",A←[boyCousinOf]B→[boyFirstCousinOnceRemovedOf]C ⇒ A→[boyFirstCousinOnceRemovedOf]C,boyCousinOf,boyFirstCousinOnceRemovedOf,boyFirstCousinOnceRemovedOf,50,97,0.003617683235655886,0.5154639175257731
"brotherOf(B,A) ∧ greatGrandsonOf(B,C) → greatGranddaughterOf(A,C)",A←[brotherOf]B→[greatGrandsonOf]C ⇒ A→[greatGranddaughterOf]C,brotherOf,greatGrandsonOf,greatGranddaughterOf,450,874,0.03255914912090297,0.5148741418764302
"uncleOf(B,A) ∧ secondUncleOf(B,C) → boySecondCousinOf(A,C)",A←[uncleOf]B→[secondUncleOf]C ⇒ A→[boySecondCousinOf]C,uncleOf,secondUncleOf,boySecondCousinOf,53,103,0.003834744229795239,0.5145631067961165
"greatUncleOf(B,A) ∧ sonOf(B,C) → greatGrandsonOf(A,C)",A←[greatUncleOf]B→[sonOf]C ⇒ A→[greatGrandsonOf]C,greatUncleOf,sonOf,greatGrandsonOf,174,340,0.012589537660082483,0.5117647058823529
"sisterOf(B,A) ∧ nieceOf(B,C) → nieceOf(A,C)",A←[sisterOf]B→[nieceOf]C ⇒ A→[nieceOf]C,sisterOf,nieceOf,nieceOf,398,779,0.028796758555820853,0.5109114249037228
"greatAuntOf(B,A) ∧ daughterOf(B,C) → greatGrandsonOf(A,C)",A←[greatAuntOf]B→[daughterOf]C ⇒ A→[greatGrandsonOf]C,greatAuntOf,daughterOf,greatGrandsonOf,244,479,0.017654294190000724,0.5093945720250522
"greatGrandmotherOf(B,A) ∧ greatGrandmotherOf(B,C) → sisterOf(A,C)",A←[greatGrandmotherOf]B→[greatGrandmotherOf]C ⇒ A→[sisterOf]C,greatGrandmotherOf,greatGrandmotherOf,sisterOf,483,955,0.03494682005643586,0.5057591623036649
"greatGrandfatherOf(B,A) ∧ greatGrandfatherOf(B,C) → sisterOf(A,C)",A←[greatGrandfatherOf]B→[greatGrandfatherOf]C ⇒ A→[sisterOf]C,greatGrandfatherOf,greatGrandfatherOf,sisterOf,483,955,0.03494682005643586,0.5057591623036649
"secondUncleOf(B,A) ∧ brotherOf(B,C) → girlFirstCousinOnceRemovedOf(A,C)",A←[secondUncleOf]B→[brotherOf]C ⇒ A→[girlFirstCousinOnceRemovedOf]C,secondUncleOf,brotherOf,girlFirstCousinOnceRemovedOf,114,226,0.00824831777729542,0.504424778761062
"sisterOf(B,A) ∧ motherOf(B,C) → auntOf(A,C)",A←[sisterOf]B→[motherOf]C ⇒ A→[auntOf]C,sisterOf,motherOf,auntOf,232,461,0.016786050213443312,0.5032537960954447
"granddaughterOf(B,A) ∧ auntOf(B,C) → greatGrandmotherOf(A,C)",A←[granddaughterOf]B→[auntOf]C ⇒ A→[greatGrandmotherOf]C,granddaughterOf,auntOf,greatGrandmotherOf,562,1124,0.04066275956877216,0.5
"granddaughterOf(B,A) ∧ auntOf(B,C) → greatGrandfatherOf(A,C)",A←[granddaughterOf]B→[auntOf]C ⇒ A→[greatGrandfatherOf]C,granddaughterOf,auntOf,greatGrandfatherOf,562,1124,0.04066275956877216,0.5
"grandsonOf(B,A) ∧ fatherOf(B,C) → greatGrandmotherOf(A,C)",A←[grandsonOf]B→[fatherOf]C ⇒ A→[greatGrandmotherOf]C,grandsonOf,fatherOf,greatGrandmotherOf,295,590,0.021344331090369727,0.5
"grandsonOf(B,A) ∧ fatherOf(B,C) → greatGrandfatherOf(A,C)",A←[grandsonOf]B→[fatherOf]C ⇒ A→[greatGrandfatherOf]C,grandsonOf,fatherOf,greatGrandfatherOf,295,590,0.021344331090369727,0.5
"granddaughterOf(B,A) ∧ motherOf(B,C) → greatGrandmotherOf(A,C)",A←[granddaughterOf]B→[motherOf]C ⇒ A→[greatGrandmotherOf]C,granddaughterOf,motherOf,greatGrandmotherOf,252,504,0.018233123507705666,0.5
"granddaughterOf(B,A) ∧ motherOf(B,C) → greatGrandfatherOf(A,C)",A←[granddaughterOf]B→[motherOf]C ⇒ A→[greatGrandfatherOf]C,granddaughterOf,motherOf,greatGrandfatherOf,252,504,0.018233123507705666,0.5
"secondAuntOf(B,A) ∧ secondAuntOf(B,C) → brotherOf(A,C)",A←[secondAuntOf]B→[secondAuntOf]C ⇒ A→[brotherOf]C,secondAuntOf,secondAuntOf,brotherOf,69,138,0.004992402865205123,0.5
"secondAuntOf(B,A) ∧ secondAuntOf(B,C) → girlCousinOf(A,C)",A←[secondAuntOf]B→[secondAuntOf]C ⇒ A→[girlCousinOf]C,secondAuntOf,secondAuntOf,girlCousinOf,69,138,0.004992402865205123,0.5
"sisterOf(B,A) ∧ motherOf(B,C) → uncleOf(A,C)",A←[sisterOf]B→[motherOf]C ⇒ A→[uncleOf]C,sisterOf,motherOf,uncleOf,229,461,0.016568989219303956,0.4967462039045553
"secondUncleOf(B,A) ∧ brotherOf(B,C) → boyFirstCousinOnceRemovedOf(A,C)",A←[secondUncleOf]B→[brotherOf]C ⇒ A→[boyFirstCousinOnceRemovedOf]C,secondUncleOf,brotherOf,boyFirstCousinOnceRemovedOf,112,226,0.008103610447869185,0.49557522123893805
"boySecondCousinOf(B,A) ∧ greatGrandsonOf(B,C) → greatGranddaughterOf(A,C)",A←[boySecondCousinOf]B→[greatGrandsonOf]C ⇒ A→[greatGranddaughterOf]C,boySecondCousinOf,greatGrandsonOf,greatGranddaughterOf,80,162,0.005788293177049418,0.49382716049382713
"greatAuntOf(B,A) ∧ daughterOf(B,C) → greatGranddaughterOf(A,C)",A←[greatAuntOf]B→[daughterOf]C ⇒ A→[greatGranddaughterOf]C,greatAuntOf,daughterOf,greatGranddaughterOf,235,479,0.017003111207582664,0.4906054279749478
"sisterOf(B,A) ∧ nieceOf(B,C) → nephewOf(A,C)",A←[sisterOf]B→[nieceOf]C ⇒ A→[nephewOf]C,sisterOf,nieceOf,nephewOf,381,779,0.02756674625569785,0.4890885750962773
"uncleOf(B,A) ∧ uncleOf(B,C) → girlCousinOf(A,C)",A←[uncleOf]B→[uncleOf]C ⇒ A→[girlCousinOf]C,uncleOf,uncleOf,girlCousinOf,259,530,0.01873959916069749,0.48867924528301887
"uncleOf(B,A) ∧ uncleOf(B,C) → brotherOf(A,C)",A←[uncleOf]B→[uncleOf]C ⇒ A→[brotherOf]C,uncleOf,uncleOf,brotherOf,259,530,0.01873959916069749,0.48867924528301887
"girlCousinOf(B,A) ∧ greatGranddaughterOf(B,C) → greatGranddaughterOf(A,C)",A←[girlCousinOf]B→[greatGranddaughterOf]C ⇒ A→[greatGranddaughterOf]C,girlCousinOf,greatGranddaughterOf,greatGranddaughterOf,472,966,0.034150929744591565,0.4886128364389234
"greatUncleOf(B,A) ∧ sonOf(B,C) → greatGranddaughterOf(A,C)",A←[greatUncleOf]B→[sonOf]C ⇒ A→[greatGranddaughterOf]C,greatUncleOf,sonOf,greatGranddaughterOf,166,340,0.012010708342377541,0.48823529411764705
"uncleOf(B,A) ∧ secondUncleOf(B,C) → girlSecondCousinOf(A,C)",A←[uncleOf]B→[secondUncleOf]C ⇒ A→[girlSecondCousinOf]C,uncleOf,secondUncleOf,girlSecondCousinOf,50,103,0.003617683235655886,0.4854368932038835
"brotherOf(B,A) ∧ greatGrandsonOf(B,C) → greatGrandsonOf(A,C)",A←[brotherOf]B→[greatGrandsonOf]C ⇒ A→[greatGrandsonOf]C,brotherOf,greatGrandsonOf,greatGrandsonOf,424,874,0.030677953838361912,0.4851258581235698
"boyCousinOf(B,A) ∧ boyFirstCousinOnceRemovedOf(B,C) → girlFirstCousinOnceRemovedOf(A,C)",A←[boyCousinOf]B→[boyFirstCousinOnceRemovedOf]C ⇒ A→[girlFirstCousinOnceRemovedOf]C,boyCousinOf,boyFirstCousinOnceRemovedOf,girlFirstCousinOnceRemovedOf,47,97,0.0034006222415165327,0.4845360824742268
"sisterOf(B,A) ∧ granddaughterOf(B,C) → grandsonOf(A,C)",A←[sisterOf]B→[granddaughterOf]C ⇒ A→[grandsonOf]C,sisterOf,granddaughterOf,grandsonOf,722,1494,0.052239345922870994,0.48326639892904955
"greatGrandfatherOf(B,A) ∧ greatGrandfatherOf(B,C) → girlCousinOf(A,C)",A←[greatGrandfatherOf]B→[greatGrandfatherOf]C ⇒ A→[girlCousinOf]C,greatGrandfatherOf,greatGrandfatherOf,girlCousinOf,460,955,0.03328268576803415,0.4816753926701571
"greatGrandmotherOf(B,A) ∧ greatGrandmotherOf(B,C) → girlCousinOf(A,C)",A←[greatGrandmotherOf]B→[greatGrandmotherOf]C ⇒ A→[girlCousinOf]C,greatGrandmotherOf,greatGrandmotherOf,girlCousinOf,460,955,0.03328268576803415,0.4816753926701571
"sisterOf(B,A) ∧ grandmotherOf(B,C) → greatUncleOf(A,C)",A←[sisterOf]B→[grandmotherOf]C ⇒ A→[greatUncleOf]C,sisterOf,grandmotherOf,greatUncleOf,104,216,0.007524781130164243,0.48148148148148145
"nieceOf(B,A) ∧ motherOf(B,C) → greatUncleOf(A,C)",A←[nieceOf]B→[motherOf]C ⇒ A→[greatUncleOf]C,nieceOf,motherOf,greatUncleOf,112,233,0.008103610447869185,0.48068669527896996
"uncleOf(B,A) ∧ sonOf(B,C) → grandsonOf(A,C)",A←[uncleOf]B→[sonOf]C ⇒ A→[grandsonOf]C,uncleOf,sonOf,grandsonOf,310,650,0.02242963606106649,0.47692307692307695
"boyCousinOf(B,A) ∧ boySecondCousinOf(B,C) → boySecondCousinOf(A,C)",A←[boyCousinOf]B→[boySecondCousinOf]C ⇒ A→[boySecondCousinOf]C,boyCousinOf,boySecondCousinOf,boySecondCousinOf,10,21,0.0007235366471311772,0.47619047619047616
"uncleOf(B,A) ∧ grandfatherOf(B,C) → secondUncleOf(A,C)",A←[uncleOf]B→[grandfatherOf]C ⇒ A→[secondUncleOf]C,uncleOf,grandfatherOf,secondUncleOf,78,164,0.005643585847623182,0.47560975609756095
"girlCousinOf(B,A) ∧ motherOf(B,C) → secondUncleOf(A,C)",A←[girlCousinOf]B→[motherOf]C ⇒ A→[secondUncleOf]C,girlCousinOf,motherOf,secondUncleOf,71,150,0.005137110194631358,0.47333333333333333
"greatAuntOf(B,A) ∧ greatAuntOf(B,C) → girlCousinOf(A,C)",A←[greatAuntOf]B→[greatAuntOf]C ⇒ A→[girlCousinOf]C,greatAuntOf,greatAuntOf,girlCousinOf,186,393,0.013457781636639896,0.4732824427480916
"uncleOf(B,A) ∧ boyCousinOf(B,C) → girlFirstCousinOnceRemovedOf(A,C)",A←[uncleOf]B→[boyCousinOf]C ⇒ A→[girlFirstCousinOnceRemovedOf]C,uncleOf,boyCousinOf,girlFirstCousinOnceRemovedOf,139,295,0.010057159395123362,0.4711864406779661
"sisterOf(B,A) ∧ girlFirstCousinOnceRemovedOf(B,C) → boyFirstCousinOnceRemovedOf(A,C)",A←[sisterOf]B→[girlFirstCousinOnceRemovedOf]C ⇒ A→[boyFirstCousinOnceRemovedOf]C,sisterOf,girlFirstCousinOnceRemovedOf,boyFirstCousinOnceRemovedOf,46,98,0.003328268576803415,0.46938775510204084
"sisterOf(B,A) ∧ daughterOf(B,C) → sonOf(A,C)",A←[sisterOf]B→[daughterOf]C ⇒ A→[sonOf]C,sisterOf,daughterOf,sonOf,453,971,0.03277621011504233,0.466529351184346
"sisterOf(B,A) ∧ greatGranddaughterOf(B,C) → greatGrandsonOf(A,C)",A←[sisterOf]B→[greatGranddaughterOf]C ⇒ A→[greatGrandsonOf]C,sisterOf,greatGranddaughterOf,greatGrandsonOf,450,966,0.03255914912090297,0.4658385093167702
"uncleOf(B,A) ∧ grandsonOf(B,C) → greatGrandsonOf(A,C)",A←[uncleOf]B→[grandsonOf]C ⇒ A→[greatGrandsonOf]C,uncleOf,grandsonOf,greatGrandsonOf,474,1018,0.034295637074017796,0.4656188605108055
"girlCousinOf(B,A) ∧ greatGranddaughterOf(B,C) → greatGrandsonOf(A,C)",A←[girlCousinOf]B→[greatGranddaughterOf]C ⇒ A→[greatGrandsonOf]C,girlCousinOf,greatGranddaughterOf,greatGrandsonOf,448,966,0.03241444179147674,0.463768115942029
"brotherOf(B,A) ∧ grandsonOf(B,C) → grandsonOf(A,C)",A←[brotherOf]B→[grandsonOf]C ⇒ A→[grandsonOf]C,brotherOf,grandsonOf,grandsonOf,624,1346,0.04514868678098546,0.4635958395245171
"sisterOf(B,A) ∧ girlSecondCousinOf(B,C) → boySecondCousinOf(A,C)",A←[sisterOf]B→[girlSecondCousinOf]C ⇒ A→[boySecondCousinOf]C,sisterOf,girlSecondCousinOf,boySecondCousinOf,19,41,0.0013747196295492367,0.4634146341463415
"greatAuntOf(B,A) ∧ greatAuntOf(B,C) → sisterOf(A,C)",A←[greatAuntOf]B→[greatAuntOf]C ⇒ A→[sisterOf]C,greatAuntOf,greatAuntOf,sisterOf,182,393,0.013168366977787425,0.4631043256997455
"greatAuntOf(B,A) ∧ motherOf(B,C) → boyFirstCousinOnceRemovedOf(A,C)",A←[greatAuntOf]B→[motherOf]C ⇒ A→[boyFirstCousinOnceRemovedOf]C,greatAuntOf,motherOf,boyFirstCousinOnceRemovedOf,74,160,0.005354171188770711,0.4625
"boySecondCousinOf(B,A) ∧ brotherOf(B,C) → boySecondCousinOf(A,C)",A←[boySecondCousinOf]B→[brotherOf]C ⇒ A→[boySecondCousinOf]C,boySecondCousinOf,brotherOf,boySecondCousinOf,29,63,0.002098256276680414,0.4603174603174603
"brotherOf(B,A) ∧ nephewOf(B,C) → nephewOf(A,C)",A←[brotherOf]B→[nephewOf]C ⇒ A→[nephewOf]C,brotherOf,nephewOf,nephewOf,322,703,0.023297880037623904,0.45803698435277385
"girlFirstCousinOnceRemovedOf(B,A) ∧ nieceOf(B,C) → boyCousinOf(A,C)",A←[girlFirstCousinOnceRemovedOf]B→[nieceOf]C ⇒ A→[boyCousinOf]C,girlFirstCousinOnceRemovedOf,nieceOf,boyCousinOf,114,249,0.00824831777729542,0.4578313253012048
"greatGrandmotherOf(B,A) ∧ greatGrandmotherOf(B,C) → brotherOf(A,C)",A←[greatGrandmotherOf]B→[greatGrandmotherOf]C ⇒ A→[brotherOf]C,greatGrandmotherOf,greatGrandmotherOf,brotherOf,437,955,0.03161855147963245,0.45759162303664924
"greatGrandfatherOf(B,A) ∧ greatGrandfatherOf(B,C) → brotherOf(A,C)",A←[greatGrandfatherOf]B→[greatGrandfatherOf]C ⇒ A→[brotherOf]C,greatGrandfatherOf,greatGrandfatherOf,brotherOf,437,955,0.03161855147963245,0.45759162303664924
"greatGrandsonOf(B,A) ∧ nephewOf(B,C) → grandmotherOf(A,C)",A←[greatGrandsonOf]B→[nephewOf]C ⇒ A→[grandmotherOf]C,greatGrandsonOf,nephewOf,grandmotherOf,541,1186,0.03914333260979669,0.45615514333895446
"greatGrandsonOf(B,A) ∧ nephewOf(B,C) → grandfatherOf(A,C)",A←[greatGrandsonOf]B→[nephewOf]C ⇒ A→[grandfatherOf]C,greatGrandsonOf,nephewOf,grandfatherOf,541,1186,0.03914333260979669,0.45615514333895446
"brotherOf(B,A) ∧ sonOf(B,C) → sonOf(A,C)",A←[brotherOf]B→[sonOf]C ⇒ A→[sonOf]C,brotherOf,sonOf,sonOf,372,825,0.02691556327327979,0.4509090909090909
"greatGranddaughterOf(B,A) ∧ nieceOf(B,C) → grandmotherOf(A,C)",A←[greatGranddaughterOf]B→[nieceOf]C ⇒ A→[grandmotherOf]C,greatGranddaughterOf,nieceOf,grandmotherOf,530,1176,0.038347442297952394,0.45068027210884354
"greatGranddaughterOf(B,A) ∧ nieceOf(B,C) → grandfatherOf(A,C)",A←[greatGranddaughterOf]B→[nieceOf]C ⇒ A→[grandfatherOf]C,greatGranddaughterOf,nieceOf,grandfatherOf,530,1176,0.038347442297952394,0.45068027210884354
"sisterOf(B,A) ∧ secondAuntOf(B,C) → secondAuntOf(A,C)",A←[sisterOf]B→[secondAuntOf]C ⇒ A→[secondAuntOf]C,sisterOf,secondAuntOf,secondAuntOf,118,262,0.008537732436147891,0.45038167938931295
"secondUncleOf(B,A) ∧ secondUncleOf(B,C) → sisterOf(A,C)",A←[secondUncleOf]B→[secondUncleOf]C ⇒ A→[sisterOf]C,secondUncleOf,secondUncleOf,sisterOf,49,109,0.003545329570942768,0.44954128440366975
"boyCousinOf(B,A) ∧ fatherOf(B,C) → secondUncleOf(A,C)",A←[boyCousinOf]B→[fatherOf]C ⇒ A→[secondUncleOf]C,boyCousinOf,fatherOf,secondUncleOf,71,158,0.005137110194631358,0.44936708860759494
"auntOf(B,A) ∧ auntOf(B,C) → girlCousinOf(A,C)",A←[auntOf]B→[auntOf]C ⇒ A→[girlCousinOf]C,auntOf,auntOf,girlCousinOf,344,766,0.024889660661312495,0.4490861618798956
"sisterOf(B,A) ∧ girlCousinOf(B,C) → boyCousinOf(A,C)",A←[sisterOf]B→[girlCousinOf]C ⇒ A→[boyCousinOf]C,sisterOf,girlCousinOf,boyCousinOf,343,769,0.024817306996599377,0.4460338101430429
"boyCousinOf(B,A) ∧ grandsonOf(B,C) → granddaughterOf(A,C)",A←[boyCousinOf]B→[grandsonOf]C ⇒ A→[granddaughterOf]C,boyCousinOf,grandsonOf,granddaughterOf,418,940,0.030243831850083207,0.44468085106382976
"girlCousinOf(B,A) ∧ auntOf(B,C) → secondUncleOf(A,C)",A←[girlCousinOf]B→[auntOf]C ⇒ A→[secondUncleOf]C,girlCousinOf,auntOf,secondUncleOf,129,291,0.009333622747992185,0.44329896907216493
"greatAuntOf(B,A) ∧ greatAuntOf(B,C) → brotherOf(A,C)",A←[greatAuntOf]B→[greatAuntOf]C ⇒ A→[brotherOf]C,greatAuntOf,greatAuntOf,brotherOf,174,393,0.012589537660082483,0.44274809160305345
"secondAuntOf(B,A) ∧ secondAuntOf(B,C) → boyCousinOf(A,C)",A←[secondAuntOf]B→[secondAuntOf]C ⇒ A→[boyCousinOf]C,secondAuntOf,secondAuntOf,boyCousinOf,61,138,0.004413573547500181,0.4420289855072464
"secondUncleOf(B,A) ∧ fatherOf(B,C) → boySecondCousinOf(A,C)",A←[secondUncleOf]B→[fatherOf]C ⇒ A→[boySecondCousinOf]C,secondUncleOf,fatherOf,boySecondCousinOf,30,68,0.0021706099413935317,0.4411764705882353
"motherOf(B,A) ∧ auntOf(B,C) → boyCousinOf(A,C)",A←[motherOf]B→[auntOf]C ⇒ A→[boyCousinOf]C,motherOf,auntOf,boyCousinOf,186,424,0.013457781636639896,0.4386792452830189
"greatAuntOf(B,A) ∧ greatAuntOf(B,C) → boyCousinOf(A,C)",A←[greatAuntOf]B→[greatAuntOf]C ⇒ A→[boyCousinOf]C,greatAuntOf,greatAuntOf,boyCousinOf,172,393,0.012444830330656248,0.43765903307888043
"nieceOf(B,A) ∧ auntOf(B,C) → greatUncleOf(A,C)",A←[nieceOf]B→[auntOf]C ⇒ A→[greatUncleOf]C,nieceOf,auntOf,greatUncleOf,179,413,0.012951305983648072,0.43341404358353514
"uncleOf(B,A) ∧ fatherOf(B,C) → boyCousinOf(A,C)",A←[uncleOf]B→[fatherOf]C ⇒ A→[boyCousinOf]C,uncleOf,fatherOf,boyCousinOf,136,316,0.00984009840098401,0.43037974683544306
"secondAuntOf(B,A) ∧ granddaughterOf(B,C) → greatGrandsonOf(A,C)",A←[secondAuntOf]B→[granddaughterOf]C ⇒ A→[greatGrandsonOf]C,secondAuntOf,granddaughterOf,greatGrandsonOf,196,456,0.014181318283771073,0.4298245614035088
"secondUncleOf(B,A) ∧ grandsonOf(B,C) → greatGrandsonOf(A,C)",A←[secondUncleOf]B→[grandsonOf]C ⇒ A→[greatGrandsonOf]C,secondUncleOf,grandsonOf,greatGrandsonOf,164,382,0.011866001012951306,0.4293193717277487
"boySecondCousinOf(B,A) ∧ nephewOf(B,C) → boyFirstCousinOnceRemovedOf(A,C)",A←[boySecondCousinOf]B→[nephewOf]C ⇒ A→[boyFirstCousinOnceRemovedOf]C,boySecondCousinOf,nephewOf,boyFirstCousinOnceRemovedOf,48,113,0.0034729759062296505,0.4247787610619469
"girlCousinOf(B,A) ∧ girlFirstCousinOnceRemovedOf(B,C) → boyFirstCousinOnceRemovedOf(A,C)",A←[girlCousinOf]B→[girlFirstCousinOnceRemovedOf]C ⇒ A→[boyFirstCousinOnceRemovedOf]C,girlCousinOf,girlFirstCousinOnceRemovedOf,boyFirstCousinOnceRemovedOf,47,111,0.0034006222415165327,0.42342342342342343
"boyCousinOf(B,A) ∧ greatGrandsonOf(B,C) → greatGrandsonOf(A,C)",A←[boyCousinOf]B→[greatGrandsonOf]C ⇒ A→[greatGrandsonOf]C,boyCousinOf,greatGrandsonOf,greatGrandsonOf,352,834,0.025468489979017437,0.42206235011990406
"greatGrandfatherOf(B,A) ∧ greatGrandfatherOf(B,C) → boyCousinOf(A,C)",A←[greatGrandfatherOf]B→[greatGrandfatherOf]C ⇒ A→[boyCousinOf]C,greatGrandfatherOf,greatGrandfatherOf,boyCousinOf,400,955,0.028941465885247087,0.418848167539267
"greatGrandmotherOf(B,A) ∧ greatGrandmotherOf(B,C) → boyCousinOf(A,C)",A←[greatGrandmotherOf]B→[greatGrandmotherOf]C ⇒ A→[boyCousinOf]C,greatGrandmotherOf,greatGrandmotherOf,boyCousinOf,400,955,0.028941465885247087,0.418848167539267
"greatAuntOf(B,A) ∧ grandmotherOf(B,C) → boySecondCousinOf(A,C)",A←[greatAuntOf]B→[grandmotherOf]C ⇒ A→[boySecondCousinOf]C,greatAuntOf,grandmotherOf,boySecondCousinOf,23,55,0.0016641342884017075,0.41818181818181815
"brotherOf(B,A) ∧ fatherOf(B,C) → uncleOf(A,C)",A←[brotherOf]B→[fatherOf]C ⇒ A→[uncleOf]C,brotherOf,fatherOf,uncleOf,178,431,0.012878952318934954,0.41299303944315546
"girlCousinOf(B,A) ∧ granddaughterOf(B,C) → granddaughterOf(A,C)",A←[girlCousinOf]B→[granddaughterOf]C ⇒ A→[granddaughterOf]C,girlCousinOf,granddaughterOf,granddaughterOf,472,1146,0.034150929744591565,0.4118673647469459
"boyCousinOf(B,A) ∧ boyCousinOf(B,C) → girlCousinOf(A,C)",A←[boyCousinOf]B→[boyCousinOf]C ⇒ A→[girlCousinOf]C,boyCousinOf,boyCousinOf,girlCousinOf,184,447,0.01331307430721366,0.4116331096196868
"daughterOf(B,A) ∧ auntOf(B,C) → grandmotherOf(A,C)",A←[daughterOf]B→[auntOf]C ⇒ A→[grandmotherOf]C,daughterOf,auntOf,grandmotherOf,350,861,0.025323782649591203,0.4065040650406504
"boyFirstCousinOnceRemovedOf(B,A) ∧ greatGrandsonOf(B,C) → granddaughterOf(A,C)",A←[boyFirstCousinOnceRemovedOf]B→[greatGrandsonOf]C ⇒ A→[granddaughterOf]C,boyFirstCousinOnceRemovedOf,greatGrandsonOf,granddaughterOf,196,486,0.014181318283771073,0.40329218106995884
"greatUncleOf(B,A) ∧ grandfatherOf(B,C) → girlSecondCousinOf(A,C)",A←[greatUncleOf]B→[grandfatherOf]C ⇒ A→[girlSecondCousinOf]C,greatUncleOf,grandfatherOf,girlSecondCousinOf,30,75,0.0021706099413935317,0.4
"boySecondCousinOf(B,A) ∧ boySecondCousinOf(B,C) → girlCousinOf(A,C)",A←[boySecondCousinOf]B→[boySecondCousinOf]C ⇒ A→[girlCousinOf]C,boySecondCousinOf,boySecondCousinOf,girlCousinOf,18,45,0.001302365964836119,0.4
"brotherOf(B,A) ∧ grandfatherOf(B,C) → greatUncleOf(A,C)",A←[brotherOf]B→[grandfatherOf]C ⇒ A→[greatUncleOf]C,brotherOf,grandfatherOf,greatUncleOf,133,333,0.009623037406844656,0.3993993993993994
"boyFirstCousinOnceRemovedOf(B,A) ∧ nephewOf(B,C) → boyCousinOf(A,C)",A←[boyFirstCousinOnceRemovedOf]B→[nephewOf]C ⇒ A→[boyCousinOf]C,boyFirstCousinOnceRemovedOf,nephewOf,boyCousinOf,140,351,0.010129513059836481,0.39886039886039887
"secondUncleOf(B,A) ∧ grandsonOf(B,C) → greatGranddaughterOf(A,C)",A←[secondUncleOf]B→[grandsonOf]C ⇒ A→[greatGranddaughterOf]C,secondUncleOf,grandsonOf,greatGranddaughterOf,152,382,0.010997757036393893,0.39790575916230364
"grandmotherOf(B,A) ∧ grandmotherOf(B,C) → girlCousinOf(A,C)",A←[grandmotherOf]B→[grandmotherOf]C ⇒ A→[girlCousinOf]C,grandmotherOf,grandmotherOf,girlCousinOf,445,1128,0.03219738079733739,0.3945035460992908
"grandfatherOf(B,A) ∧ grandfatherOf(B,C) → girlCousinOf(A,C)",A←[grandfatherOf]B→[grandfatherOf]C ⇒ A→[girlCousinOf]C,grandfatherOf,grandfatherOf,girlCousinOf,445,1128,0.03219738079733739,0.3945035460992908
"auntOf(B,A) ∧ auntOf(B,C) → boyCousinOf(A,C)",A←[auntOf]B→[auntOf]C ⇒ A→[boyCousinOf]C,auntOf,auntOf,boyCousinOf,302,766,0.02185080674336155,0.39425587467362927
"nephewOf(B,A) ∧ fatherOf(B,C) → greatUncleOf(A,C)",A←[nephewOf]B→[fatherOf]C ⇒ A→[greatUncleOf]C,nephewOf,fatherOf,greatUncleOf,101,258,0.0073077201360248895,0.39147286821705424
"girlFirstCousinOnceRemovedOf(B,A) ∧ greatGranddaughterOf(B,C) → granddaughterOf(A,C)",A←[girlFirstCousinOnceRemovedOf]B→[greatGranddaughterOf]C ⇒ A→[granddaughterOf]C,girlFirstCousinOnceRemovedOf,greatGranddaughterOf,granddaughterOf,154,394,0.011142464365820129,0.39086294416243655
"boyCousinOf(B,A) ∧ brotherOf(B,C) → boyCousinOf(A,C)",A←[boyCousinOf]B→[brotherOf]C ⇒ A→[boyCousinOf]C,boyCousinOf,brotherOf,boyCousinOf,231,593,0.016713696548730193,0.38954468802698144
"boyCousinOf(B,A) ∧ grandsonOf(B,C) → grandsonOf(A,C)",A←[boyCousinOf]B→[grandsonOf]C ⇒ A→[grandsonOf]C,boyCousinOf,grandsonOf,grandsonOf,364,940,0.02633673395557485,0.3872340425531915
"uncleOf(B,A) ∧ uncleOf(B,C) → boyCousinOf(A,C)",A←[uncleOf]B→[uncleOf]C ⇒ A→[boyCousinOf]C,uncleOf,uncleOf,boyCousinOf,205,530,0.014832501266189133,0.3867924528301887
"girlFirstCousinOnceRemovedOf(B,A) ∧ greatGranddaughterOf(B,C) → grandsonOf(A,C)",A←[girlFirstCousinOnceRemovedOf]B→[greatGranddaughterOf]C ⇒ A→[grandsonOf]C,girlFirstCousinOnceRemovedOf,greatGranddaughterOf,grandsonOf,152,394,0.010997757036393893,0.38578680203045684
"secondUncleOf(B,A) ∧ secondUncleOf(B,C) → girlCousinOf(A,C)",A←[secondUncleOf]B→[secondUncleOf]C ⇒ A→[girlCousinOf]C,secondUncleOf,secondUncleOf,girlCousinOf,42,109,0.003038853917950944,0.3853211009174312
"sonOf(B,A) ∧ fatherOf(B,C) → grandmotherOf(A,C)",A←[sonOf]B→[fatherOf]C ⇒ A→[grandmotherOf]C,sonOf,fatherOf,grandmotherOf,204,532,0.014760147601476014,0.38345864661654133
"secondAuntOf(B,A) ∧ motherOf(B,C) → girlSecondCousinOf(A,C)",A←[secondAuntOf]B→[motherOf]C ⇒ A→[girlSecondCousinOf]C,secondAuntOf,motherOf,girlSecondCousinOf,19,50,0.0013747196295492367,0.38
"girlCousinOf(B,A) ∧ girlSecondCousinOf(B,C) → boySecondCousinOf(A,C)",A←[girlCousinOf]B→[girlSecondCousinOf]C ⇒ A→[boySecondCousinOf]C,girlCousinOf,girlSecondCousinOf,boySecondCousinOf,11,29,0.0007958903118442949,0.3793103448275862
"greatUncleOf(B,A) ∧ greatUncleOf(B,C) → boyCousinOf(A,C)",A←[greatUncleOf]B→[greatUncleOf]C ⇒ A→[boyCousinOf]C,greatUncleOf,greatUncleOf,boyCousinOf,103,272,0.007452427465451125,0.3786764705882353
"secondAuntOf(B,A) ∧ auntOf(B,C) → girlSecondCousinOf(A,C)",A←[secondAuntOf]B→[auntOf]C ⇒ A→[girlSecondCousinOf]C,secondAuntOf,auntOf,girlSecondCousinOf,39,103,0.002821792923811591,0.3786407766990291
"girlFirstCousinOnceRemovedOf(B,A) ∧ girlFirstCousinOnceRemovedOf(B,C) → girlCousinOf(A,C)",A←[girlFirstCousinOnceRemovedOf]B→[girlFirstCousinOnceRemovedOf]C ⇒ A→[girlCousinOf]C,girlFirstCousinOnceRemovedOf,girlFirstCousinOnceRemovedOf,girlCousinOf,63,167,0.0045582808769264165,0.3772455089820359
"sonOf(B,A) ∧ grandfatherOf(B,C) → greatGrandmotherOf(A,C)",A←[sonOf]B→[grandfatherOf]C ⇒ A→[greatGrandmotherOf]C,sonOf,grandfatherOf,greatGrandmotherOf,183,487,0.013240720642500543,0.3757700205338809
"girlCousinOf(B,A) ∧ girlCousinOf(B,C) → girlCousinOf(A,C)",A←[girlCousinOf]B→[girlCousinOf]C ⇒ A→[girlCousinOf]C,girlCousinOf,girlCousinOf,girlCousinOf,226,606,0.016351928225164604,0.37293729372937295
"daughterOf(B,A) ∧ grandmotherOf(B,C) → greatGrandmotherOf(A,C)",A←[daughterOf]B→[grandmotherOf]C ⇒ A→[greatGrandmotherOf]C,daughterOf,grandmotherOf,greatGrandmotherOf,160,437,0.011576586354098835,0.36613272311212813
"girlSecondCousinOf(B,A) ∧ girlSecondCousinOf(B,C) → boyCousinOf(A,C)",A←[girlSecondCousinOf]B→[girlSecondCousinOf]C ⇒ A→[boyCousinOf]C,girlSecondCousinOf,girlSecondCousinOf,boyCousinOf,15,41,0.0010853049706967658,0.36585365853658536
"brotherOf(B,A) ∧ boyFirstCousinOnceRemovedOf(B,C) → girlFirstCousinOnceRemovedOf(A,C)",A←[brotherOf]B→[boyFirstCousinOnceRemovedOf]C ⇒ A→[girlFirstCousinOnceRemovedOf]C,brotherOf,boyFirstCousinOnceRemovedOf,girlFirstCousinOnceRemovedOf,46,126,0.003328268576803415,0.36507936507936506
"girlCousinOf(B,A) ∧ granddaughterOf(B,C) → grandsonOf(A,C)",A←[girlCousinOf]B→[granddaughterOf]C ⇒ A→[grandsonOf]C,girlCousinOf,granddaughterOf,grandsonOf,418,1146,0.030243831850083207,0.3647469458987784
"greatUncleOf(B,A) ∧ greatUncleOf(B,C) → girlCousinOf(A,C)",A←[greatUncleOf]B→[greatUncleOf]C ⇒ A→[girlCousinOf]C,greatUncleOf,greatUncleOf,girlCousinOf,99,272,0.007163012806598654,0.3639705882352941
"daughterOf(B,A) ∧ motherOf(B,C) → grandmotherOf(A,C)",A←[daughterOf]B→[motherOf]C ⇒ A→[grandmotherOf]C,daughterOf,motherOf,grandmotherOf,178,497,0.012878952318934954,0.358148893360161
"greatUncleOf(B,A) ∧ fatherOf(B,C) → girlFirstCousinOnceRemovedOf(A,C)",A←[greatUncleOf]B→[fatherOf]C ⇒ A→[girlFirstCousinOnceRemovedOf]C,greatUncleOf,fatherOf,girlFirstCousinOnceRemovedOf,50,140,0.003617683235655886,0.35714285714285715
"secondAuntOf(B,A) ∧ secondAuntOf(B,C) → sisterOf(A,C)",A←[secondAuntOf]B→[secondAuntOf]C ⇒ A→[sisterOf]C,secondAuntOf,secondAuntOf,sisterOf,49,138,0.003545329570942768,0.35507246376811596
"grandmotherOf(B,A) ∧ grandmotherOf(B,C) → boyCousinOf(A,C)",A←[grandmotherOf]B→[grandmotherOf]C ⇒ A→[boyCousinOf]C,grandmotherOf,grandmotherOf,boyCousinOf,391,1128,0.028290282902829027,0.3466312056737589
"grandfatherOf(B,A) ∧ grandfatherOf(B,C) → boyCousinOf(A,C)",A←[grandfatherOf]B→[grandfatherOf]C ⇒ A→[boyCousinOf]C,grandfatherOf,grandfatherOf,boyCousinOf,391,1128,0.028290282902829027,0.3466312056737589
"boySecondCousinOf(B,A) ∧ greatGrandsonOf(B,C) → greatGrandsonOf(A,C)",A←[boySecondCousinOf]B→[greatGrandsonOf]C ⇒ A→[greatGrandsonOf]C,boySecondCousinOf,greatGrandsonOf,greatGrandsonOf,56,162,0.0040518052239345926,0.345679012345679
"girlSecondCousinOf(B,A) ∧ girlSecondCousinOf(B,C) → sisterOf(A,C)",A←[girlSecondCousinOf]B→[girlSecondCousinOf]C ⇒ A→[sisterOf]C,girlSecondCousinOf,girlSecondCousinOf,sisterOf,14,41,0.0010129513059836481,0.34146341463414637
"girlSecondCousinOf(B,A) ∧ girlFirstCousinOnceRemovedOf(B,C) → nephewOf(A,C)",A←[girlSecondCousinOf]B→[girlFirstCousinOnceRemovedOf]C ⇒ A→[nephewOf]C,girlSecondCousinOf,girlFirstCousinOnceRemovedOf,nephewOf,65,191,0.004702988206352652,0.3403141361256545
"secondAuntOf(B,A) ∧ granddaughterOf(B,C) → greatGranddaughterOf(A,C)",A←[secondAuntOf]B→[granddaughterOf]C ⇒ A→[greatGranddaughterOf]C,secondAuntOf,granddaughterOf,greatGranddaughterOf,154,456,0.011142464365820129,0.33771929824561403
"boyFirstCousinOnceRemovedOf(B,A) ∧ greatGrandsonOf(B,C) → grandsonOf(A,C)",A←[boyFirstCousinOnceRemovedOf]B→[greatGrandsonOf]C ⇒ A→[grandsonOf]C,boyFirstCousinOnceRemovedOf,greatGrandsonOf,grandsonOf,164,486,0.011866001012951306,0.3374485596707819
"grandsonOf(B,A) ∧ nephewOf(B,C) → motherOf(A,C)",A←[grandsonOf]B→[nephewOf]C ⇒ A→[motherOf]C,grandsonOf,nephewOf,motherOf,458,1358,0.03313797843860791,0.33726067746686306
"grandsonOf(B,A) ∧ nephewOf(B,C) → fatherOf(A,C)",A←[grandsonOf]B→[nephewOf]C ⇒ A→[fatherOf]C,grandsonOf,nephewOf,fatherOf,458,1358,0.03313797843860791,0.33726067746686306
"girlSecondCousinOf(B,A) ∧ nieceOf(B,C) → girlFirstCousinOnceRemovedOf(A,C)",A←[girlSecondCousinOf]B→[nieceOf]C ⇒ A→[girlFirstCousinOnceRemovedOf]C,girlSecondCousinOf,nieceOf,girlFirstCousinOnceRemovedOf,31,93,0.0022429636061066494,0.3333333333333333
"sisterOf(B,A) ∧ auntOf(B,C) → auntOf(A,C)",A←[sisterOf]B→[auntOf]C ⇒ A→[auntOf]C,sisterOf,auntOf,auntOf,462,1389,0.03342739309746039,0.3326133909287257
"secondUncleOf(B,A) ∧ secondUncleOf(B,C) → boyCousinOf(A,C)",A←[secondUncleOf]B→[secondUncleOf]C ⇒ A→[boyCousinOf]C,secondUncleOf,secondUncleOf,boyCousinOf,36,109,0.002604731929672238,0.3302752293577982
"secondAuntOf(B,A) ∧ girlCousinOf(B,C) → nephewOf(A,C)",A←[secondAuntOf]B→[girlCousinOf]C ⇒ A→[nephewOf]C,secondAuntOf,girlCousinOf,nephewOf,201,611,0.014543086607336662,0.32896890343698854
"grandmotherOf(B,A) ∧ auntOf(B,C) → girlFirstCousinOnceRemovedOf(A,C)",A←[grandmotherOf]B→[auntOf]C ⇒ A→[girlFirstCousinOnceRemovedOf]C,grandmotherOf,auntOf,girlFirstCousinOnceRemovedOf,55,169,0.003979451559221475,0.3254437869822485
"uncleOf(B,A) ∧ brotherOf(B,C) → nieceOf(A,C)",A←[uncleOf]B→[brotherOf]C ⇒ A→[nieceOf]C,uncleOf,brotherOf,nieceOf,361,1119,0.026119672961435497,0.322609472743521
"girlSecondCousinOf(B,A) ∧ daughterOf(B,C) → boyFirstCousinOnceRemovedOf(A,C)",A←[girlSecondCousinOf]B→[daughterOf]C ⇒ A→[boyFirstCousinOnceRemovedOf]C,girlSecondCousinOf,daughterOf,boyFirstCousinOnceRemovedOf,29,91,0.002098256276680414,0.31868131868131866
"granddaughterOf(B,A) ∧ nieceOf(B,C) → motherOf(A,C)",A←[granddaughterOf]B→[nieceOf]C ⇒ A→[motherOf]C,granddaughterOf,nieceOf,motherOf,438,1394,0.03169090514434556,0.31420373027259685
"granddaughterOf(B,A) ∧ nieceOf(B,C) → fatherOf(A,C)",A←[granddaughterOf]B→[nieceOf]C ⇒ A→[fatherOf]C,granddaughterOf,nieceOf,fatherOf,438,1394,0.03169090514434556,0.31420373027259685
"boyCousinOf(B,A) ∧ boyCousinOf(B,C) → boyCousinOf(A,C)",A←[boyCousinOf]B→[boyCousinOf]C ⇒ A→[boyCousinOf]C,boyCousinOf,boyCousinOf,boyCousinOf,138,447,0.009984805730410246,0.3087248322147651
"sisterOf(B,A) ∧ greatAuntOf(B,C) → greatAuntOf(A,C)",A←[sisterOf]B→[greatAuntOf]C ⇒ A→[greatAuntOf]C,sisterOf,greatAuntOf,greatAuntOf,206,673,0.01490485493090225,0.3060921248142645
"girlCousinOf(B,A) ∧ girlCousinOf(B,C) → boyCousinOf(A,C)",A←[girlCousinOf]B→[girlCousinOf]C ⇒ A→[boyCousinOf]C,girlCousinOf,girlCousinOf,boyCousinOf,184,606,0.01331307430721366,0.30363036303630364
"boyCousinOf(B,A) ∧ nephewOf(B,C) → nieceOf(A,C)",A←[boyCousinOf]B→[nephewOf]C ⇒ A→[nieceOf]C,boyCousinOf,nephewOf,nieceOf,281,926,0.02033137978438608,0.30345572354211664
"motherOf(B,A) ∧ grandmotherOf(B,C) → auntOf(A,C)",A←[motherOf]B→[grandmotherOf]C ⇒ A→[auntOf]C,motherOf,grandmotherOf,auntOf,489,1612,0.035380942044714564,0.3033498759305211
"fatherOf(B,A) ∧ grandfatherOf(B,C) → auntOf(A,C)",A←[fatherOf]B→[grandfatherOf]C ⇒ A→[auntOf]C,fatherOf,grandfatherOf,auntOf,489,1612,0.035380942044714564,0.3033498759305211
"boySecondCousinOf(B,A) ∧ boyFirstCousinOnceRemovedOf(B,C) → nieceOf(A,C)",A←[boySecondCousinOf]B→[boyFirstCousinOnceRemovedOf]C ⇒ A→[nieceOf]C,boySecondCousinOf,boyFirstCousinOnceRemovedOf,nieceOf,62,207,0.004485927212213299,0.2995169082125604
"sisterOf(B,A) ∧ greatAuntOf(B,C) → grandfatherOf(A,C)",A←[sisterOf]B→[greatAuntOf]C ⇒ A→[grandfatherOf]C,sisterOf,greatAuntOf,grandfatherOf,200,673,0.014470732942623543,0.2971768202080238
"girlCousinOf(B,A) ∧ nieceOf(B,C) → nieceOf(A,C)",A←[girlCousinOf]B→[nieceOf]C ⇒ A→[nieceOf]C,girlCousinOf,nieceOf,nieceOf,322,1084,0.023297880037623904,0.29704797047970477
"girlSecondCousinOf(B,A) ∧ greatGranddaughterOf(B,C) → greatGranddaughterOf(A,C)",A←[girlSecondCousinOf]B→[greatGranddaughterOf]C ⇒ A→[greatGranddaughterOf]C,girlSecondCousinOf,greatGranddaughterOf,greatGranddaughterOf,44,150,0.0031835612473771796,0.29333333333333333
"boySecondCousinOf(B,A) ∧ sonOf(B,C) → girlFirstCousinOnceRemovedOf(A,C)",A←[boySecondCousinOf]B→[sonOf]C ⇒ A→[girlFirstCousinOnceRemovedOf]C,boySecondCousinOf,sonOf,girlFirstCousinOnceRemovedOf,27,93,0.0019535489472541786,0.2903225806451613
"girlFirstCousinOnceRemovedOf(B,A) ∧ girlFirstCousinOnceRemovedOf(B,C) → boyCousinOf(A,C)",A←[girlFirstCousinOnceRemovedOf]B→[girlFirstCousinOnceRemovedOf]C ⇒ A→[boyCousinOf]C,girlFirstCousinOnceRemovedOf,girlFirstCousinOnceRemovedOf,boyCousinOf,47,167,0.0034006222415165327,0.281437125748503
"greatAuntOf(B,A) ∧ auntOf(B,C) → nephewOf(A,C)",A←[greatAuntOf]B→[auntOf]C ⇒ A→[nephewOf]C,greatAuntOf,auntOf,nephewOf,305,1086,0.022067867737500906,0.28084714548802947
"boyFirstCousinOnceRemovedOf(B,A) ∧ boyFirstCousinOnceRemovedOf(B,C) → boyCousinOf(A,C)",A←[boyFirstCousinOnceRemovedOf]B→[boyFirstCousinOnceRemovedOf]C ⇒ A→[boyCousinOf]C,boyFirstCousinOnceRemovedOf,boyFirstCousinOnceRemovedOf,boyCousinOf,49,175,0.003545329570942768,0.28
"motherOf(B,A) ∧ greatGrandmotherOf(B,C) → grandfatherOf(A,C)",A←[motherOf]B→[greatGrandmotherOf]C ⇒ A→[grandfatherOf]C,motherOf,greatGrandmotherOf,grandfatherOf,287,1029,0.020765501772664785,0.2789115646258503
"fatherOf(B,A) ∧ greatGrandfatherOf(B,C) → grandfatherOf(A,C)",A←[fatherOf]B→[greatGrandfatherOf]C ⇒ A→[grandfatherOf]C,fatherOf,greatGrandfatherOf,grandfatherOf,287,1029,0.020765501772664785,0.2789115646258503
"grandmotherOf(B,A) ∧ greatGrandmotherOf(B,C) → auntOf(A,C)",A←[grandmotherOf]B→[greatGrandmotherOf]C ⇒ A→[auntOf]C,grandmotherOf,greatGrandmotherOf,auntOf,562,2021,0.04066275956877216,0.2780801583374567
"grandfatherOf(B,A) ∧ greatGrandfatherOf(B,C) → auntOf(A,C)",A←[grandfatherOf]B→[greatGrandfatherOf]C ⇒ A→[auntOf]C,grandfatherOf,greatGrandfatherOf,auntOf,562,2021,0.04066275956877216,0.2780801583374567
"secondUncleOf(B,A) ∧ boyCousinOf(B,C) → nephewOf(A,C)",A←[secondUncleOf]B→[boyCousinOf]C ⇒ A→[nephewOf]C,secondUncleOf,boyCousinOf,nephewOf,140,510,0.010129513059836481,0.27450980392156865
"uncleOf(B,A) ∧ brotherOf(B,C) → nephewOf(A,C)",A←[uncleOf]B→[brotherOf]C ⇒ A→[nephewOf]C,uncleOf,brotherOf,nephewOf,304,1119,0.021995514072787787,0.2716711349419124
"motherOf(B,A) ∧ greatGrandmotherOf(B,C) → greatAuntOf(A,C)",A←[motherOf]B→[greatGrandmotherOf]C ⇒ A→[greatAuntOf]C,motherOf,greatGrandmotherOf,greatAuntOf,278,1029,0.020114318790246725,0.27016520894071916
"fatherOf(B,A) ∧ greatGrandfatherOf(B,C) → greatAuntOf(A,C)",A←[fatherOf]B→[greatGrandfatherOf]C ⇒ A→[greatAuntOf]C,fatherOf,greatGrandfatherOf,greatAuntOf,278,1029,0.020114318790246725,0.27016520894071916
"girlSecondCousinOf(B,A) ∧ girlSecondCousinOf(B,C) → girlCousinOf(A,C)",A←[girlSecondCousinOf]B→[girlSecondCousinOf]C ⇒ A→[girlCousinOf]C,girlSecondCousinOf,girlSecondCousinOf,girlCousinOf,11,41,0.0007958903118442949,0.2682926829268293
"sisterOf(B,A) ∧ auntOf(B,C) → uncleOf(A,C)",A←[sisterOf]B→[auntOf]C ⇒ A→[uncleOf]C,sisterOf,auntOf,uncleOf,371,1389,0.026843209608566673,0.26709863210943124
"sonOf(B,A) ∧ greatGrandsonOf(B,C) → grandsonOf(A,C)",A←[sonOf]B→[greatGrandsonOf]C ⇒ A→[grandsonOf]C,sonOf,greatGrandsonOf,grandsonOf,244,924,0.017654294190000724,0.26406926406926406
"sonOf(B,A) ∧ nephewOf(B,C) → brotherOf(A,C)",A←[sonOf]B→[nephewOf]C ⇒ A→[brotherOf]C,sonOf,nephewOf,brotherOf,200,766,0.014470732942623543,0.26109660574412535
"girlCousinOf(B,A) ∧ nieceOf(B,C) → nephewOf(A,C)",A←[girlCousinOf]B→[nieceOf]C ⇒ A→[nephewOf]C,girlCousinOf,nieceOf,nephewOf,281,1084,0.02033137978438608,0.2592250922509225
"uncleOf(B,A) ∧ greatUncleOf(B,C) → auntOf(A,C)",A←[uncleOf]B→[greatUncleOf]C ⇒ A→[auntOf]C,uncleOf,greatUncleOf,auntOf,179,704,0.012951305983648072,0.25426136363636365
"motherOf(B,A) ∧ grandmotherOf(B,C) → uncleOf(A,C)",A←[motherOf]B→[grandmotherOf]C ⇒ A→[uncleOf]C,motherOf,grandmotherOf,uncleOf,407,1612,0.02944794153823891,0.2524813895781638
"fatherOf(B,A) ∧ grandfatherOf(B,C) → uncleOf(A,C)",A←[fatherOf]B→[grandfatherOf]C ⇒ A→[uncleOf]C,fatherOf,grandfatherOf,uncleOf,407,1612,0.02944794153823891,0.2524813895781638
"grandmotherOf(B,A) ∧ greatGrandmotherOf(B,C) → uncleOf(A,C)",A←[grandmotherOf]B→[greatGrandmotherOf]C ⇒ A→[uncleOf]C,grandmotherOf,greatGrandmotherOf,uncleOf,509,2021,0.03682801533897692,0.25185551707075704
"grandfatherOf(B,A) ∧ greatGrandfatherOf(B,C) → uncleOf(A,C)",A←[grandfatherOf]B→[greatGrandfatherOf]C ⇒ A→[uncleOf]C,grandfatherOf,greatGrandfatherOf,uncleOf,509,2021,0.03682801533897692,0.25185551707075704
"greatUncleOf(B,A) ∧ brotherOf(B,C) → grandsonOf(A,C)",A←[greatUncleOf]B→[brotherOf]C ⇒ A→[grandsonOf]C,greatUncleOf,brotherOf,grandsonOf,125,500,0.009044208089139714,0.25
"girlFirstCousinOnceRemovedOf(B,A) ∧ daughterOf(B,C) → boyCousinOf(A,C)",A←[girlFirstCousinOnceRemovedOf]B→[daughterOf]C ⇒ A→[boyCousinOf]C,girlFirstCousinOnceRemovedOf,daughterOf,boyCousinOf,58,233,0.004196512553360828,0.24892703862660945
"motherOf(B,A) ∧ greatGrandmotherOf(B,C) → grandmotherOf(A,C)",A←[motherOf]B→[greatGrandmotherOf]C ⇒ A→[grandmotherOf]C,motherOf,greatGrandmotherOf,grandmotherOf,256,1029,0.018522538166558137,0.2487852283770651
"fatherOf(B,A) ∧ greatGrandfatherOf(B,C) → grandmotherOf(A,C)",A←[fatherOf]B→[greatGrandfatherOf]C ⇒ A→[grandmotherOf]C,fatherOf,greatGrandfatherOf,grandmotherOf,256,1029,0.018522538166558137,0.2487852283770651
"daughterOf(B,A) ∧ nieceOf(B,C) → sisterOf(A,C)",A←[daughterOf]B→[nieceOf]C ⇒ A→[sisterOf]C,daughterOf,nieceOf,sisterOf,184,745,0.01331307430721366,0.24697986577181208
"boyCousinOf(B,A) ∧ nephewOf(B,C) → nephewOf(A,C)",A←[boyCousinOf]B→[nephewOf]C ⇒ A→[nephewOf]C,boyCousinOf,nephewOf,nephewOf,226,926,0.016351928225164604,0.24406047516198703
"secondAuntOf(B,A) ∧ nieceOf(B,C) → grandsonOf(A,C)",A←[secondAuntOf]B→[nieceOf]C ⇒ A→[grandsonOf]C,secondAuntOf,nieceOf,grandsonOf,98,404,0.007090659141885536,0.24257425742574257
"girlFirstCousinOnceRemovedOf(B,A) ∧ daughterOf(B,C) → girlCousinOf(A,C)",A←[girlFirstCousinOnceRemovedOf]B→[daughterOf]C ⇒ A→[girlCousinOf]C,girlFirstCousinOnceRemovedOf,daughterOf,girlCousinOf,55,233,0.003979451559221475,0.23605150214592274
"secondUncleOf(B,A) ∧ nephewOf(B,C) → grandsonOf(A,C)",A←[secondUncleOf]B→[nephewOf]C ⇒ A→[grandsonOf]C,secondUncleOf,nephewOf,grandsonOf,82,351,0.005933000506475653,0.2336182336182336
"boySecondCousinOf(B,A) ∧ boyFirstCousinOnceRemovedOf(B,C) → nephewOf(A,C)",A←[boySecondCousinOf]B→[boyFirstCousinOnceRemovedOf]C ⇒ A→[nephewOf]C,boySecondCousinOf,boyFirstCousinOnceRemovedOf,nephewOf,48,207,0.0034729759062296505,0.2318840579710145
"sisterOf(B,A) ∧ greatAuntOf(B,C) → greatUncleOf(A,C)",A←[sisterOf]B→[greatAuntOf]C ⇒ A→[greatUncleOf]C,sisterOf,greatAuntOf,greatUncleOf,155,673,0.011214818030533246,0.2303120356612184
"greatUncleOf(B,A) ∧ brotherOf(B,C) → granddaughterOf(A,C)",A←[greatUncleOf]B→[brotherOf]C ⇒ A→[granddaughterOf]C,greatUncleOf,brotherOf,granddaughterOf,112,500,0.008103610447869185,0.224
"secondUncleOf(B,A) ∧ boyCousinOf(B,C) → nieceOf(A,C)",A←[secondUncleOf]B→[boyCousinOf]C ⇒ A→[nieceOf]C,secondUncleOf,boyCousinOf,nieceOf,114,510,0.00824831777729542,0.2235294117647059
"sonOf(B,A) ∧ grandsonOf(B,C) → sonOf(A,C)",A←[sonOf]B→[grandsonOf]C ⇒ A→[sonOf]C,sonOf,grandsonOf,sonOf,265,1188,0.019173721148976197,0.22306397306397308
"greatAuntOf(B,A) ∧ auntOf(B,C) → nieceOf(A,C)",A←[greatAuntOf]B→[auntOf]C ⇒ A→[nieceOf]C,greatAuntOf,auntOf,nieceOf,242,1086,0.017509586860574487,0.22283609576427257
"boyFirstCousinOnceRemovedOf(B,A) ∧ grandsonOf(B,C) → nieceOf(A,C)",A←[boyFirstCousinOnceRemovedOf]B→[grandsonOf]C ⇒ A→[nieceOf]C,boyFirstCousinOnceRemovedOf,grandsonOf,nieceOf,98,440,0.007090659141885536,0.22272727272727272
"daughterOf(B,A) ∧ granddaughterOf(B,C) → sonOf(A,C)",A←[daughterOf]B→[granddaughterOf]C ⇒ A→[sonOf]C,daughterOf,granddaughterOf,sonOf,273,1242,0.01975255046668114,0.21980676328502416
"boyCousinOf(B,A) ∧ sonOf(B,C) → nieceOf(A,C)",A←[boyCousinOf]B→[sonOf]C ⇒ A→[nieceOf]C,boyCousinOf,sonOf,nieceOf,129,590,0.009333622747992185,0.21864406779661016
"daughterOf(B,A) ∧ greatGranddaughterOf(B,C) → grandsonOf(A,C)",A←[daughterOf]B→[greatGranddaughterOf]C ⇒ A→[grandsonOf]C,daughterOf,greatGranddaughterOf,grandsonOf,202,924,0.014615440272049779,0.21861471861471862
"secondUncleOf(B,A) ∧ nephewOf(B,C) → granddaughterOf(A,C)",A←[secondUncleOf]B→[nephewOf]C ⇒ A→[granddaughterOf]C,secondUncleOf,nephewOf,granddaughterOf,76,351,0.005498878518196947,0.21652421652421652
"secondAuntOf(B,A) ∧ girlCousinOf(B,C) → nieceOf(A,C)",A←[secondAuntOf]B→[girlCousinOf]C ⇒ A→[nieceOf]C,secondAuntOf,girlCousinOf,nieceOf,131,611,0.00947833007741842,0.2144026186579378
"daughterOf(B,A) ∧ greatGranddaughterOf(B,C) → granddaughterOf(A,C)",A←[daughterOf]B→[greatGranddaughterOf]C ⇒ A→[granddaughterOf]C,daughterOf,greatGranddaughterOf,granddaughterOf,198,924,0.014326025613197308,0.21428571428571427
"girlCousinOf(B,A) ∧ daughterOf(B,C) → nieceOf(A,C)",A←[girlCousinOf]B→[daughterOf]C ⇒ A→[nieceOf]C,girlCousinOf,daughterOf,nieceOf,141,662,0.010201866724549598,0.21299093655589124
"boyFirstCousinOnceRemovedOf(B,A) ∧ boyFirstCousinOnceRemovedOf(B,C) → girlCousinOf(A,C)",A←[boyFirstCousinOnceRemovedOf]B→[boyFirstCousinOnceRemovedOf]C ⇒ A→[girlCousinOf]C,boyFirstCousinOnceRemovedOf,boyFirstCousinOnceRemovedOf,girlCousinOf,37,175,0.0026770855943853557,0.21142857142857144
"sonOf(B,A) ∧ nephewOf(B,C) → sisterOf(A,C)",A←[sonOf]B→[nephewOf]C ⇒ A→[sisterOf]C,sonOf,nephewOf,sisterOf,161,766,0.011648940018811952,0.21018276762402088
"fatherOf(B,A) ∧ grandfatherOf(B,C) → fatherOf(A,C)",A←[fatherOf]B→[grandfatherOf]C ⇒ A→[fatherOf]C,fatherOf,grandfatherOf,fatherOf,338,1612,0.02445553867303379,0.20967741935483872
"motherOf(B,A) ∧ grandmotherOf(B,C) → fatherOf(A,C)",A←[motherOf]B→[grandmotherOf]C ⇒ A→[fatherOf]C,motherOf,grandmotherOf,fatherOf,338,1612,0.02445553867303379,0.20967741935483872
"daughterOf(B,A) ∧ nieceOf(B,C) → brotherOf(A,C)",A←[daughterOf]B→[nieceOf]C ⇒ A→[brotherOf]C,daughterOf,nieceOf,brotherOf,156,745,0.011287171695246364,0.20939597315436242
"girlFirstCousinOnceRemovedOf(B,A) ∧ granddaughterOf(B,C) → nieceOf(A,C)",A←[girlFirstCousinOnceRemovedOf]B→[granddaughterOf]C ⇒ A→[nieceOf]C,girlFirstCousinOnceRemovedOf,granddaughterOf,nieceOf,77,372,0.0055712321829100644,0.20698924731182797
"boyFirstCousinOnceRemovedOf(B,A) ∧ sonOf(B,C) → girlCousinOf(A,C)",A←[boyFirstCousinOnceRemovedOf]B→[sonOf]C ⇒ A→[girlCousinOf]C,boyFirstCousinOnceRemovedOf,sonOf,girlCousinOf,52,253,0.0037623905650821213,0.20553359683794467
"girlFirstCousinOnceRemovedOf(B,A) ∧ granddaughterOf(B,C) → nephewOf(A,C)",A←[girlFirstCousinOnceRemovedOf]B→[granddaughterOf]C ⇒ A→[nephewOf]C,girlFirstCousinOnceRemovedOf,granddaughterOf,nephewOf,76,372,0.005498878518196947,0.20430107526881722
"motherOf(B,A) ∧ greatGrandmotherOf(B,C) → greatUncleOf(A,C)",A←[motherOf]B→[greatGrandmotherOf]C ⇒ A→[greatUncleOf]C,motherOf,greatGrandmotherOf,greatUncleOf,208,1029,0.015049562260328485,0.2021379980563654
"fatherOf(B,A) ∧ greatGrandfatherOf(B,C) → greatUncleOf(A,C)",A←[fatherOf]B→[greatGrandfatherOf]C ⇒ A→[greatUncleOf]C,fatherOf,greatGrandfatherOf,greatUncleOf,208,1029,0.015049562260328485,0.2021379980563654
"boyCousinOf(B,A) ∧ sonOf(B,C) → nephewOf(A,C)",A←[boyCousinOf]B→[sonOf]C ⇒ A→[nephewOf]C,boyCousinOf,sonOf,nephewOf,118,590,0.008537732436147891,0.2
"girlCousinOf(B,A) ∧ daughterOf(B,C) → nephewOf(A,C)",A←[girlCousinOf]B→[daughterOf]C ⇒ A→[nephewOf]C,girlCousinOf,daughterOf,nephewOf,127,662,0.00918891541856595,0.19184290030211482
"motherOf(B,A) ∧ grandmotherOf(B,C) → motherOf(A,C)",A←[motherOf]B→[grandmotherOf]C ⇒ A→[motherOf]C,motherOf,grandmotherOf,motherOf,309,1612,0.022357282396353376,0.19168734491315137
"fatherOf(B,A) ∧ grandfatherOf(B,C) → motherOf(A,C)",A←[fatherOf]B→[grandfatherOf]C ⇒ A→[motherOf]C,fatherOf,grandfatherOf,motherOf,309,1612,0.022357282396353376,0.19168734491315137
"secondAuntOf(B,A) ∧ nieceOf(B,C) → granddaughterOf(A,C)",A←[secondAuntOf]B→[nieceOf]C ⇒ A→[granddaughterOf]C,secondAuntOf,nieceOf,granddaughterOf,77,404,0.0055712321829100644,0.1905940594059406
"uncleOf(B,A) ∧ greatUncleOf(B,C) → uncleOf(A,C)",A←[uncleOf]B→[greatUncleOf]C ⇒ A→[uncleOf]C,uncleOf,greatUncleOf,uncleOf,134,704,0.009695391071557775,0.1903409090909091
"daughterOf(B,A) ∧ granddaughterOf(B,C) → daughterOf(A,C)",A←[daughterOf]B→[granddaughterOf]C ⇒ A→[daughterOf]C,daughterOf,granddaughterOf,daughterOf,234,1242,0.016930757542869546,0.18840579710144928
"boyFirstCousinOnceRemovedOf(B,A) ∧ grandsonOf(B,C) → nephewOf(A,C)",A←[boyFirstCousinOnceRemovedOf]B→[grandsonOf]C ⇒ A→[nephewOf]C,boyFirstCousinOnceRemovedOf,grandsonOf,nephewOf,82,440,0.005933000506475653,0.18636363636363637
"sisterOf(B,A) ∧ auntOf(B,C) → fatherOf(A,C)",A←[sisterOf]B→[auntOf]C ⇒ A→[fatherOf]C,sisterOf,auntOf,fatherOf,253,1389,0.018305477172418785,0.18214542836573075
"sonOf(B,A) ∧ greatGrandsonOf(B,C) → granddaughterOf(A,C)",A←[sonOf]B→[greatGrandsonOf]C ⇒ A→[granddaughterOf]C,sonOf,greatGrandsonOf,granddaughterOf,162,924,0.01172129368352507,0.17532467532467533
"sisterOf(B,A) ∧ auntOf(B,C) → motherOf(A,C)",A←[sisterOf]B→[auntOf]C ⇒ A→[motherOf]C,sisterOf,auntOf,motherOf,232,1389,0.016786050213443312,0.16702663786897048
"sisterOf(B,A) ∧ greatAuntOf(B,C) → grandmotherOf(A,C)",A←[sisterOf]B→[greatAuntOf]C ⇒ A→[grandmotherOf]C,sisterOf,greatAuntOf,grandmotherOf,112,673,0.008103610447869185,0.1664190193164933
"secondUncleOf(B,A) ∧ secondUncleOf(B,C) → boySecondCousinOf(A,C)",A←[secondUncleOf]B→[secondUncleOf]C ⇒ A→[boySecondCousinOf]C,secondUncleOf,secondUncleOf,boySecondCousinOf,18,109,0.001302365964836119,0.1651376146788991
"sonOf(B,A) ∧ grandsonOf(B,C) → daughterOf(A,C)",A←[sonOf]B→[grandsonOf]C ⇒ A→[daughterOf]C,sonOf,grandsonOf,daughterOf,194,1188,0.014036610954344837,0.1632996632996633
"girlSecondCousinOf(B,A) ∧ girlFirstCousinOnceRemovedOf(B,C) → nieceOf(A,C)",A←[girlSecondCousinOf]B→[girlFirstCousinOnceRemovedOf]C ⇒ A→[nieceOf]C,girlSecondCousinOf,girlFirstCousinOnceRemovedOf,nieceOf,31,191,0.0022429636061066494,0.16230366492146597
"boySecondCousinOf(B,A) ∧ sonOf(B,C) → boyFirstCousinOnceRemovedOf(A,C)",A←[boySecondCousinOf]B→[sonOf]C ⇒ A→[boyFirstCousinOnceRemovedOf]C,boySecondCousinOf,sonOf,boyFirstCousinOnceRemovedOf,15,93,0.0010853049706967658,0.16129032258064516
"uncleOf(B,A) ∧ greatUncleOf(B,C) → motherOf(A,C)",A←[uncleOf]B→[greatUncleOf]C ⇒ A→[motherOf]C,uncleOf,greatUncleOf,motherOf,112,704,0.008103610447869185,0.1590909090909091
"girlSecondCousinOf(B,A) ∧ daughterOf(B,C) → girlFirstCousinOnceRemovedOf(A,C)",A←[girlSecondCousinOf]B→[daughterOf]C ⇒ A→[girlFirstCousinOnceRemovedOf]C,girlSecondCousinOf,daughterOf,girlFirstCousinOnceRemovedOf,14,91,0.0010129513059836481,0.15384615384615385
"granddaughterOf(B,A) ∧ greatGranddaughterOf(B,C) → sonOf(A,C)",A←[granddaughterOf]B→[greatGranddaughterOf]C ⇒ A→[sonOf]C,granddaughterOf,greatGranddaughterOf,sonOf,258,1712,0.01866724549598437,0.15070093457943926
"boyFirstCousinOnceRemovedOf(B,A) ∧ sonOf(B,C) → boyCousinOf(A,C)",A←[boyFirstCousinOnceRemovedOf]B→[sonOf]C ⇒ A→[boyCousinOf]C,boyFirstCousinOnceRemovedOf,sonOf,boyCousinOf,38,253,0.0027494392590984734,0.15019762845849802
"secondUncleOf(B,A) ∧ secondUncleOf(B,C) → girlSecondCousinOf(A,C)",A←[secondUncleOf]B→[secondUncleOf]C ⇒ A→[girlSecondCousinOf]C,secondUncleOf,secondUncleOf,girlSecondCousinOf,16,109,0.0011576586354098836,0.14678899082568808
"girlSecondCousinOf(B,A) ∧ girlSecondCousinOf(B,C) → boySecondCousinOf(A,C)",A←[girlSecondCousinOf]B→[girlSecondCousinOf]C ⇒ A→[boySecondCousinOf]C,girlSecondCousinOf,girlSecondCousinOf,boySecondCousinOf,6,41,0.0004341219882787063,0.14634146341463414
"grandmotherOf(B,A) ∧ greatGrandmotherOf(B,C) → fatherOf(A,C)",A←[grandmotherOf]B→[greatGrandmotherOf]C ⇒ A→[fatherOf]C,grandmotherOf,greatGrandmotherOf,fatherOf,295,2021,0.021344331090369727,0.14596734289955468
"grandfatherOf(B,A) ∧ greatGrandfatherOf(B,C) → fatherOf(A,C)",A←[grandfatherOf]B→[greatGrandfatherOf]C ⇒ A→[fatherOf]C,grandfatherOf,greatGrandfatherOf,fatherOf,295,2021,0.021344331090369727,0.14596734289955468
"uncleOf(B,A) ∧ greatUncleOf(B,C) → fatherOf(A,C)",A←[uncleOf]B→[greatUncleOf]C ⇒ A→[fatherOf]C,uncleOf,greatUncleOf,fatherOf,101,704,0.0073077201360248895,0.1434659090909091
"girlSecondCousinOf(B,A) ∧ girlFirstCousinOnceRemovedOf(B,C) → sonOf(A,C)",A←[girlSecondCousinOf]B→[girlFirstCousinOnceRemovedOf]C ⇒ A→[sonOf]C,girlSecondCousinOf,girlFirstCousinOnceRemovedOf,sonOf,27,191,0.0019535489472541786,0.14136125654450263
"boySecondCousinOf(B,A) ∧ boyFirstCousinOnceRemovedOf(B,C) → daughterOf(A,C)",A←[boySecondCousinOf]B→[boyFirstCousinOnceRemovedOf]C ⇒ A→[daughterOf]C,boySecondCousinOf,boyFirstCousinOnceRemovedOf,daughterOf,29,207,0.002098256276680414,0.14009661835748793
"boyCousinOf(B,A) ∧ nephewOf(B,C) → daughterOf(A,C)",A←[boyCousinOf]B→[nephewOf]C ⇒ A→[daughterOf]C,boyCousinOf,nephewOf,daughterOf,127,926,0.00918891541856595,0.13714902807775378
"grandsonOf(B,A) ∧ greatGrandsonOf(B,C) → daughterOf(A,C)",A←[grandsonOf]B→[greatGrandsonOf]C ⇒ A→[daughterOf]C,grandsonOf,greatGrandsonOf,daughterOf,233,1708,0.016858403878156427,0.1364168618266979
"grandsonOf(B,A) ∧ greatGrandsonOf(B,C) → sonOf(A,C)",A←[grandsonOf]B→[greatGrandsonOf]C ⇒ A→[sonOf]C,grandsonOf,greatGrandsonOf,sonOf,229,1708,0.016568989219303956,0.13407494145199064
"boySecondCousinOf(B,A) ∧ boySecondCousinOf(B,C) → girlSecondCousinOf(A,C)",A←[boySecondCousinOf]B→[boySecondCousinOf]C ⇒ A→[girlSecondCousinOf]C,boySecondCousinOf,boySecondCousinOf,girlSecondCousinOf,6,45,0.0004341219882787063,0.13333333333333333
"boySecondCousinOf(B,A) ∧ boySecondCousinOf(B,C) → boyCousinOf(A,C)",A←[boySecondCousinOf]B→[boySecondCousinOf]C ⇒ A→[boyCousinOf]C,boySecondCousinOf,boySecondCousinOf,boyCousinOf,6,45,0.0004341219882787063,0.13333333333333333
"girlCousinOf(B,A) ∧ nieceOf(B,C) → daughterOf(A,C)",A←[girlCousinOf]B→[nieceOf]C ⇒ A→[daughterOf]C,girlCousinOf,nieceOf,daughterOf,141,1084,0.010201866724549598,0.13007380073800737
"uncleOf(B,A) ∧ brotherOf(B,C) → daughterOf(A,C)",A←[uncleOf]B→[brotherOf]C ⇒ A→[daughterOf]C,uncleOf,brotherOf,daughterOf,144,1119,0.010418927718688952,0.128686327077748
"boyCousinOf(B,A) ∧ nephewOf(B,C) → sonOf(A,C)",A←[boyCousinOf]B→[nephewOf]C ⇒ A→[sonOf]C,boyCousinOf,nephewOf,sonOf,118,926,0.008537732436147891,0.12742980561555076
"grandmotherOf(B,A) ∧ greatGrandmotherOf(B,C) → motherOf(A,C)",A←[grandmotherOf]B→[greatGrandmotherOf]C ⇒ A→[motherOf]C,grandmotherOf,greatGrandmotherOf,motherOf,252,2021,0.018233123507705666,0.12469074715487383
"grandfatherOf(B,A) ∧ greatGrandfatherOf(B,C) → motherOf(A,C)",A←[grandfatherOf]B→[greatGrandfatherOf]C ⇒ A→[motherOf]C,grandfatherOf,greatGrandfatherOf,motherOf,252,2021,0.018233123507705666,0.12469074715487383
"secondAuntOf(B,A) ∧ secondAuntOf(B,C) → girlSecondCousinOf(A,C)",A←[secondAuntOf]B→[secondAuntOf]C ⇒ A→[girlSecondCousinOf]C,secondAuntOf,secondAuntOf,girlSecondCousinOf,17,138,0.0012300123001230013,0.12318840579710146
"uncleOf(B,A) ∧ brotherOf(B,C) → sonOf(A,C)",A←[uncleOf]B→[brotherOf]C ⇒ A→[sonOf]C,uncleOf,brotherOf,sonOf,135,1119,0.009767744736270892,0.12064343163538874
"granddaughterOf(B,A) ∧ greatGranddaughterOf(B,C) → daughterOf(A,C)",A←[granddaughterOf]B→[greatGranddaughterOf]C ⇒ A→[daughterOf]C,granddaughterOf,greatGranddaughterOf,daughterOf,204,1712,0.014760147601476014,0.1191588785046729
"girlCousinOf(B,A) ∧ nieceOf(B,C) → sonOf(A,C)",A←[girlCousinOf]B→[nieceOf]C ⇒ A→[sonOf]C,girlCousinOf,nieceOf,sonOf,129,1084,0.009333622747992185,0.11900369003690037
"secondUncleOf(B,A) ∧ boyCousinOf(B,C) → daughterOf(A,C)",A←[secondUncleOf]B→[boyCousinOf]C ⇒ A→[daughterOf]C,secondUncleOf,boyCousinOf,daughterOf,58,510,0.004196512553360828,0.11372549019607843
"greatAuntOf(B,A) ∧ auntOf(B,C) → boyFirstCousinOnceRemovedOf(A,C)",A←[greatAuntOf]B→[auntOf]C ⇒ A→[boyFirstCousinOnceRemovedOf]C,greatAuntOf,auntOf,boyFirstCousinOnceRemovedOf,122,1086,0.008827147095000362,0.11233885819521179
"girlSecondCousinOf(B,A) ∧ girlFirstCousinOnceRemovedOf(B,C) → boyFirstCousinOnceRemovedOf(A,C)",A←[girlSecondCousinOf]B→[girlFirstCousinOnceRemovedOf]C ⇒ A→[boyFirstCousinOnceRemovedOf]C,girlSecondCousinOf,girlFirstCousinOnceRemovedOf,boyFirstCousinOnceRemovedOf,21,191,0.001519426958975472,0.1099476439790576
"uncleOf(B,A) ∧ greatUncleOf(B,C) → secondAuntOf(A,C)",A←[uncleOf]B→[greatUncleOf]C ⇒ A→[secondAuntOf]C,uncleOf,greatUncleOf,secondAuntOf,77,704,0.0055712321829100644,0.109375
"uncleOf(B,A) ∧ greatUncleOf(B,C) → secondUncleOf(A,C)",A←[uncleOf]B→[greatUncleOf]C ⇒ A→[secondUncleOf]C,uncleOf,greatUncleOf,secondUncleOf,77,704,0.0055712321829100644,0.109375
"secondAuntOf(B,A) ∧ girlCousinOf(B,C) → girlFirstCousinOnceRemovedOf(A,C)",A←[secondAuntOf]B→[girlCousinOf]C ⇒ A→[girlFirstCousinOnceRemovedOf]C,secondAuntOf,girlCousinOf,girlFirstCousinOnceRemovedOf,63,611,0.0045582808769264165,0.10310965630114566
"greatAuntOf(B,A) ∧ greatAuntOf(B,C) → girlSecondCousinOf(A,C)",A←[greatAuntOf]B→[greatAuntOf]C ⇒ A→[girlSecondCousinOf]C,greatAuntOf,greatAuntOf,girlSecondCousinOf,40,393,0.002894146588524709,0.10178117048346055
"boySecondCousinOf(B,A) ∧ boyFirstCousinOnceRemovedOf(B,C) → girlFirstCousinOnceRemovedOf(A,C)",A←[boySecondCousinOf]B→[boyFirstCousinOnceRemovedOf]C ⇒ A→[girlFirstCousinOnceRemovedOf]C,boySecondCousinOf,boyFirstCousinOnceRemovedOf,girlFirstCousinOnceRemovedOf,21,207,0.001519426958975472,0.10144927536231885
